,logfc,p
ENSG00000117152.14,6.19503496475915,1.42375528376731e-08
ENSG00000171659.16,5.41961637565107,2.5313043410479e-05
ENSG00000259307.1,4.59747995159749,0.0012491125766973
ENSG00000258101.2,4.43414343032492,0.0034302004901729
ENSG00000133317.16,4.3712258912128,0.0003471049509952
ENSG00000171657.6,4.30200299218813,9.9001987905631e-22
ENSG00000145358.6,4.29819401640894,0.0
ENSG00000186188.11,4.26627840233589,0.0054101586305312
ENSG00000162383.13,4.06257789846985,0.0179046562212016
ENSG00000182732.18,4.06155352161664,0.0130837781690511
ENSG00000143167.12,4.04692512906516,0.0111440798592221
ENSG00000224307.3,3.93688680071571,1.06781052609046e-05
ENSG00000273297.3,3.93179673056742,0.0163942631706761
ENSG00000273669.1,3.930472234809,0.0001831494364719
ENSG00000245648.2,3.90266325382111,0.0083556869500504
ENSG00000214402.7,3.88388984756277,0.0002583086188948
ENSG00000169218.14,3.86628739899332,0.0080537197184716
ENSG00000184574.10,3.85703228741285,1.70592608297217e-13
ENSG00000261055.1,3.84180153674715,0.0250441922193635
ENSG00000233264.2,3.821867193969,0.0085389827206013
ENSG00000169989.3,3.82170920357609,0.0255711205689681
ENSG00000228058.3,3.71112779924311,0.0325609030878843
ENSG00000270509.1,3.6907054335147,0.0382386211812818
ENSG00000254054.3,3.65394783575986,1.29584492259588e-10
ENSG00000287778.2,3.65376084639956,0.0067792964504889
ENSG00000167767.14,3.65344063634466,0.0393003257549026
ENSG00000232977.7,3.58729011620616,0.0277142059641202
ENSG00000137561.5,3.5767546383982,0.0497679020747493
ENSG00000287167.1,3.57671656312776,0.0210772388110443
ENSG00000260949.1,3.56322678253616,0.0080626790921695
ENSG00000280061.1,3.55593411910464,7.07668248584297e-13
ENSG00000286872.1,3.55115666198781,0.0221566955959921
ENSG00000227630.4,3.53977151077556,0.0491079358861808
ENSG00000177369.10,3.53712019418822,0.0202869192798506
ENSG00000267895.1,3.53220384990125,0.0013101787826787
ENSG00000169548.3,3.50463073280176,0.0122870591266752
ENSG00000187980.7,3.48206916952916,0.0113681503608072
ENSG00000136457.10,3.46921443866288,0.0137715402363986
ENSG00000104760.17,3.37799796841136,3.79041214444431e-05
ENSG00000264290.1,3.35191923580673,0.0185552877079119
ENSG00000215481.9,3.32810241584662,0.0196272852887532
ENSG00000142405.22,3.28543774888764,1.40431125798591e-19
ENSG00000171596.7,3.28510436798195,2.12094771815042e-05
ENSG00000176659.10,3.27445499149582,3.74535606328185e-28
ENSG00000074706.14,3.2724768469517,6.53872395439525e-143
ENSG00000225231.2,3.26836479769196,0.0009381614882769
ENSG00000134242.16,3.22965206512531,1.21067803914823e-38
ENSG00000125510.18,3.22152048995286,0.0049597249839717
ENSG00000156006.5,3.19263211967605,0.0271903387092547
ENSG00000253746.1,3.19190650047001,0.0002169666447671
ENSG00000227066.2,3.1871068968039,8.458077580789178e-29
ENSG00000233038.6,3.18392339634593,1.15755483294557e-13
ENSG00000087495.17,3.13616020318376,4.13835500453094e-39
ENSG00000282608.2,3.11745797090358,1.0108712267698801e-37
ENSG00000258810.1,3.10362936526345,0.0085460065855296
ENSG00000235944.9,3.07021358266733,5.04842638567537e-07
ENSG00000267247.1,3.06628505842535,0.0385854717558273
ENSG00000101695.9,3.06479084111262,3.07428424572752e-47
ENSG00000277734.8,3.05209939550836,4.09231919083784e-103
ENSG00000007171.18,3.03591411494012,4.69897254880236e-05
ENSG00000171227.7,3.03466862184179,2.00852839097545e-07
ENSG00000133246.12,3.01730444573501,1.03806844002051e-87
ENSG00000266733.7,2.99562494667612,3.18469137264792e-13
ENSG00000198829.6,2.97766511293379,1.83791035164198e-10
ENSG00000169126.16,2.97676670829668,0.0478798035767307
ENSG00000198597.9,2.93455782865825,1.5488865968414496e-34
ENSG00000285973.2,2.91002463870723,0.0015103729592993
ENSG00000267751.6,2.90682615020817,8.91567904053114e-06
ENSG00000103522.16,2.90552572863786,2.99928726886332e-69
ENSG00000154783.12,2.87697245597477,4.07757733239037e-05
ENSG00000185332.8,2.86687421158879,0.0210884461153053
ENSG00000242968.1,2.85907688110811,0.0246876682831951
ENSG00000244040.7,2.85272764748857,0.006601432172767
ENSG00000249274.1,2.80311672311717,0.0106109629812204
ENSG00000234464.2,2.80059559756971,0.0226291981649871
ENSG00000186439.14,2.79608890936633,2.23886992401095e-13
ENSG00000269553.1,2.79033130413106,0.0028661385434835
ENSG00000215246.6,2.76588113707603,0.0036352704465193
ENSG00000064195.7,2.74649494473257,0.0012322343795445
ENSG00000112195.9,2.74002880440861,3.86690657201344e-10
ENSG00000173868.12,2.73770259829419,4.1417947230697e-06
ENSG00000262097.3,2.73080993129111,1.81908315580826e-23
ENSG00000265728.1,2.72257988786326,0.0010112310541468
ENSG00000205086.8,2.72243816070453,6.14117736133064e-05
ENSG00000274080.1,2.71891046403421,2.45295490585287e-06
ENSG00000173269.14,2.7069854976493,1.96059313409633e-17
ENSG00000137878.17,2.69967179000373,2.94513734123944e-14
ENSG00000188305.6,2.69786967004702,1.63310852091582e-07
ENSG00000162543.6,2.68982842217896,0.0002273393527752
ENSG00000254827.6,2.68850237308536,1.0307476265491598e-11
ENSG00000230778.2,2.68748548477366,1.24397921618295e-08
ENSG00000185518.12,2.68720740305898,2.35758305521719e-09
ENSG00000144649.10,2.68418182755242,0.0001149314294025
ENSG00000287586.1,2.67706336589677,7.91893648401372e-06
ENSG00000118432.13,2.67430062902015,1.7595855281684e-228
ENSG00000267480.1,2.67290883261681,0.044923052210044
ENSG00000253141.2,2.66782722298502,2.04437361775146e-07
ENSG00000124191.18,2.66509314389329,2.08292331772078e-40
ENSG00000196208.14,2.66252874589667,3.00735588126429e-11
ENSG00000259881.1,2.66184738916558,0.040384503758882
ENSG00000253671.3,2.65779848959168,9.622020393006812e-09
ENSG00000256574.8,2.6516342487843,0.0047001750633766
ENSG00000134061.5,2.6480722904936,3.1178214464246896e-49
ENSG00000259209.3,2.63869066454618,0.0022643741421047
ENSG00000283355.1,2.63330700949381,0.0431466618089619
ENSG00000077420.16,2.63069954876553,1.97376977740728e-231
ENSG00000288156.1,2.60773236652932,7.50951214418124e-24
ENSG00000142513.6,2.60514490242481,0.0083171607135975
ENSG00000273024.6,2.59854687588259,0.0462153871726899
ENSG00000279039.1,2.59578388900439,0.0070558536238266
ENSG00000248810.3,2.59393819641564,0.0017789740053173
ENSG00000227706.4,2.58505335964672,1.91851521800691e-144
ENSG00000186231.17,2.57506927156209,0.0473981492196666
ENSG00000180549.8,2.57419638458421,1.13021213470741e-34
ENSG00000270179.1,2.57405323650289,0.0318218631877549
ENSG00000139132.16,2.55344194924787,1.94529227920509e-74
ENSG00000143341.12,2.54388293761535,1.02328225987762e-14
ENSG00000137078.10,2.52565364329296,2.8843820142746698e-12
ENSG00000180539.8,2.51941605953287,3.06827187592447e-45
ENSG00000180871.8,2.51887432462217,2.3902764127662103e-09
ENSG00000183018.9,2.51134755843162,1.37357182757979e-98
ENSG00000259005.1,2.50822981663495,0.0019739746662431
ENSG00000111249.14,2.50459583943939,3.25695623750099e-10
ENSG00000188549.13,2.47578192489278,8.529594086523902e-16
ENSG00000285722.1,2.47518748835779,0.0057255068389843
ENSG00000129422.15,2.46404170268583,2.4711471286507003e-114
ENSG00000259674.1,2.46001177800382,0.0292485216922252
ENSG00000221518.1,2.45904353242581,0.0078316414273483
ENSG00000245848.3,2.45705007599907,7.89739075664844e-99
ENSG00000182183.15,2.45187726895515,0.0127161337467702
ENSG00000232901.1,2.44199251891016,0.0016534644574291
ENSG00000121807.7,2.4381708181292,3.74317488387983e-07
ENSG00000129993.15,2.4306991448448,3.0958718201320102e-37
ENSG00000272839.1,2.40474389935723,0.0007766731434186
ENSG00000121895.8,2.40351272205432,2.17730874757693e-05
ENSG00000230333.6,2.40124953178959,0.0406891167853404
ENSG00000163053.11,2.39744341849837,5.18256293448862e-06
ENSG00000134508.13,2.39120663307001,0.0001045409395865
ENSG00000220008.3,2.38981385656392,4.04381994039072e-14
ENSG00000186451.2,2.38949211385282,0.0014412415454031
ENSG00000100344.11,2.3826547228758,3.2266269179558896e-55
ENSG00000155792.10,2.37380680351622,7.50751079056678e-08
ENSG00000162599.17,2.36583568669762,0.002440138322976
ENSG00000288046.1,2.36180298318612,0.0014249939306924
ENSG00000267279.3,2.35713716141098,0.0046909749642041
ENSG00000204161.14,2.32733971152852,0.0017451972076281
ENSG00000267296.2,2.32040714018079,1.20859059844094e-13
ENSG00000076351.13,2.31437837410395,3.88930623882435e-47
ENSG00000047597.7,2.30045933337157,1.70372974449109e-39
ENSG00000250420.8,2.29625671903572,0.0122138297674149
ENSG00000166106.4,2.28440586085331,3.74410536230534e-177
ENSG00000122574.12,2.27774309571972,5.89475870526691e-32
ENSG00000227825.4,2.26869605737145,1.40884599118013e-45
ENSG00000151117.9,2.26643587090315,1.8839592109043505e-91
ENSG00000226125.2,2.25995494722309,6.94775031624478e-06
ENSG00000196581.11,2.25982908635655,7.36060718611455e-09
ENSG00000125089.18,2.24452435622853,6.82906862825554e-169
ENSG00000286132.1,2.24038773593626,0.0352565445259384
ENSG00000179057.14,2.2365272708872,5.0555977609489496e-11
ENSG00000168306.13,2.22131939189839,6.43590122236732e-07
ENSG00000006468.14,2.22015364564509,1.9839181075842198e-28
ENSG00000217555.13,2.21849482277686,0.0016666537924071
ENSG00000238178.7,2.21609146481635,0.0365550597430278
ENSG00000167851.15,2.21034723611087,9.76787321459851e-126
ENSG00000186047.11,2.20781826948429,4.7698392209914296e-12
ENSG00000260306.1,2.19993283977991,0.0399566743426967
ENSG00000246898.2,2.19565785750371,0.0013496196352059
ENSG00000147036.12,2.19513028823166,3.3405347103606e-58
ENSG00000232431.3,2.193525858596,0.0014254838728568
ENSG00000120659.15,2.18912777148823,0.0070035057380505
ENSG00000157404.17,2.1863554696816,0.0075457713816768
ENSG00000135362.14,2.17913154474702,1.59313338924627e-17
ENSG00000163564.15,2.17799205570077,0.0045213266388944
ENSG00000152207.8,2.17226429484872,0.038899142017354
ENSG00000174576.10,2.1675343703004,0.0255711205689681
ENSG00000132846.6,2.16437184948709,3.44911414402626e-18
ENSG00000214357.9,2.16429650066754,7.12943104379225e-14
ENSG00000108798.9,2.15499485010776,2.5648082766617702e-20
ENSG00000183154.1,2.15341237118104,0.0013130438959221
ENSG00000163449.11,2.14871678616544,3.34991504182622e-18
ENSG00000173535.15,2.14760322509231,0.0027527855865925
ENSG00000104055.17,2.14134641468664,0.0004340631822441
ENSG00000128487.19,2.14053992155505,4.28591319338604e-53
ENSG00000143110.12,2.13583735162871,1.32548791937734e-69
ENSG00000267251.2,2.13399153981107,0.0065111428395838
ENSG00000157551.19,2.13204306026549,2.10321181442347e-14
ENSG00000287895.1,2.12848300101434,0.0011311603716367
ENSG00000073464.13,2.11729364673628,7.49434030936033e-26
ENSG00000280042.1,2.11339671015474,0.0030184536097489
ENSG00000154639.19,2.11272640122643,7.177398732355279e-11
ENSG00000169220.18,2.1107390653342,1.47846389807876e-62
ENSG00000253161.6,2.10500667944022,1.0631082863107e-08
ENSG00000122986.14,2.10443946026527,8.60862177677309e-38
ENSG00000124496.12,2.10316501874211,2.65108382039003e-105
ENSG00000120457.12,2.09775576465461,0.0112103874926156
ENSG00000121933.19,2.09716947629775,1.00128202689715e-56
ENSG00000010319.7,2.09492430899843,1.48282401223725e-16
ENSG00000233672.9,2.09065618259805,1.6949053766157498e-11
ENSG00000254966.1,2.08840832045166,0.0130600182329127
ENSG00000177791.12,2.08644804050745,1.42040917049682e-08
ENSG00000250777.2,2.07192763162626,0.0045000566402316
ENSG00000072952.20,2.0694094685086,0.0080632320240455
ENSG00000138131.4,2.06843772820942,0.0004018485510312
ENSG00000276509.1,2.06566171206932,0.0042562667684448
ENSG00000274536.8,2.06493283868097,7.725367997646219e-42
ENSG00000116990.11,2.06278060737263,3.04344961131239e-127
ENSG00000185477.5,2.06276592196552,9.118550154513761e-112
ENSG00000255345.1,2.05940598259284,0.0082172340395352
ENSG00000168329.14,2.05609546000473,1.06075565826337e-07
ENSG00000261795.1,2.05433374401722,5.927764440157191e-15
ENSG00000267262.2,2.05334634476053,8.23698952301445e-07
ENSG00000243349.2,2.04991302865807,0.0272908635535468
ENSG00000182580.3,2.04813159936193,1.64505592357316e-16
ENSG00000258867.7,2.04218750332111,0.022284712315631
ENSG00000268696.3,2.03565403691067,0.0389659934548203
ENSG00000064225.13,2.03027039204623,9.2214272958007e-88
ENSG00000101096.20,2.02328164215879,1.10197762505863e-31
ENSG00000177699.4,2.02292867381517,1.94536880516231e-05
ENSG00000100628.12,2.01967465623772,1.18810775624737e-06
ENSG00000099985.4,2.01480481855352,4.31833442822343e-35
ENSG00000144406.19,2.00515226259036,0.0290203258439093
ENSG00000107719.9,2.00490245304745,2.40955947682401e-10
ENSG00000233430.3,1.99955186775676,0.0382180078668805
ENSG00000226791.8,1.99918139365062,5.6369783421929294e-11
ENSG00000289353.1,1.98708803631108,1.70926248814842e-34
ENSG00000168916.16,1.96937223123264,0.045836801494441
ENSG00000166578.10,1.9688882636036,2.36891158975842e-18
ENSG00000228340.7,1.96362878800897,0.0003147457563061
ENSG00000138030.13,1.95909757885184,6.20877026801251e-06
ENSG00000126500.4,1.9540884990012,9.105884302338953e-09
ENSG00000198483.13,1.95122832244597,6.70487213062742e-21
ENSG00000004139.14,1.94871300934512,1.75967223662649e-07
ENSG00000237361.4,1.94078212186328,0.0007766731434186
ENSG00000176428.6,1.93658054325164,3.97479448838642e-07
ENSG00000170629.15,1.93067594310907,1.15198516207324e-06
ENSG00000276289.5,1.92864823436353,0.0033826953284081
ENSG00000166313.20,1.92032291100153,5.331375387413631e-15
ENSG00000226149.6,1.91671384230448,0.0088223142930454
ENSG00000285693.1,1.91611641464199,1.04948177033027e-05
ENSG00000153208.18,1.90935548974041,4.18716846768831e-183
ENSG00000229484.2,1.90893320702313,0.0007854250086588
ENSG00000004799.8,1.90817129920582,2.68368989919336e-06
ENSG00000197471.12,1.90668564567315,4.02325358213749e-249
ENSG00000259928.1,1.90492171163263,1.08517161835694e-06
ENSG00000205181.8,1.90382278867634,0.0054735953192256
ENSG00000185650.10,1.89877731761275,8.88314988145249e-276
ENSG00000289082.1,1.89788946156157,0.0335138581644989
ENSG00000124215.17,1.88629619725312,0.001505793636621
ENSG00000103154.10,1.88550024034802,0.0146306802524853
ENSG00000234713.3,1.88464653624077,0.0279989822278975
ENSG00000100350.16,1.88294400816872,1.7614825865368602e-54
ENSG00000287787.1,1.8760327400908,0.0049772329334629
ENSG00000180066.10,1.86979285791216,0.0036243021971582
ENSG00000162878.13,1.86862690458087,3.2646378998315903e-47
ENSG00000173930.9,1.86765486611939,0.0494208327557215
ENSG00000068137.15,1.86689173805894,3.1215355747260707e-15
ENSG00000258590.5,1.86309235563629,0.0006998827140258
ENSG00000277954.1,1.85531164804062,0.01381051066472
ENSG00000089505.18,1.8534411602667,1.38141509205297e-05
ENSG00000258976.1,1.85118235337532,0.0428957656023577
ENSG00000173320.12,1.84306734668647,4.35631308680556e-32
ENSG00000170439.8,1.83979296290252,2.04268176140108e-08
ENSG00000156509.14,1.83912984734327,2.43843656968097e-08
ENSG00000234993.1,1.83163266447322,0.0417921221427966
ENSG00000185551.15,1.83082577553291,4.46967430471916e-59
ENSG00000173546.7,1.82919231447445,3.96218941211367e-38
ENSG00000205930.10,1.82898997842813,0.0015155450346437
ENSG00000177614.11,1.82870800929607,3.40062434170213e-107
ENSG00000188483.8,1.82815776605508,1.90073853994259e-63
ENSG00000084110.11,1.82672357454967,4.03105173162856e-08
ENSG00000170390.16,1.82442551572136,4.88400566962245e-31
ENSG00000237886.1,1.82305403131861,4.92244803282839e-06
ENSG00000102385.13,1.82252155639906,0.010640796423634
ENSG00000170917.14,1.81946473601731,5.76157617618115e-07
ENSG00000166359.11,1.81885653540385,0.0011199142125355
ENSG00000135709.14,1.8173552974,3.73872950900891e-52
ENSG00000136153.20,1.81588668724212,3.24181548290029e-43
ENSG00000178573.7,1.81571503840836,3.62454140504531e-78
ENSG00000131242.18,1.81540790689123,1.3172748462405e-75
ENSG00000082458.12,1.81537719215317,0.0012670730173628
ENSG00000215883.11,1.80800305954545,5.04597649480569e-49
ENSG00000231964.1,1.80763961059555,1.6615774246665e-05
ENSG00000183779.7,1.80569535697441,1.36957985214041e-98
ENSG00000228626.1,1.796651226096,0.0112144244476011
ENSG00000171408.14,1.79624108528888,0.0025976739286114
ENSG00000161911.12,1.79490268556423,6.26638571520182e-27
ENSG00000287275.2,1.79489162884624,0.0242073366247072
ENSG00000186205.13,1.79286711792849,4.01985149978878e-17
ENSG00000164086.10,1.7912026022913,7.190628387922629e-122
ENSG00000168268.11,1.78986145278929,2.6148994689276305e-148
ENSG00000105514.8,1.7896353158977,6.16005059668781e-23
ENSG00000263155.6,1.78877600303477,0.0001383510931958
ENSG00000115648.14,1.78842225258977,0.0008532071547117
ENSG00000261652.3,1.7872019684067,0.0020872433195747
ENSG00000182612.10,1.78581521081099,6.03131447454822e-06
ENSG00000157017.16,1.78424584401466,1.69699190239549e-13
ENSG00000253305.3,1.78334090519578,0.0422294031693545
ENSG00000095370.20,1.78221248570121,7.77029922280558e-20
ENSG00000225334.3,1.77467797942961,0.0071930569897139
ENSG00000107738.20,1.77372968013256,3.6004243020866507e-65
ENSG00000138640.15,1.76940239116859,1.4055041746205199e-11
ENSG00000280060.1,1.76933224888069,0.0008224294406269
ENSG00000067842.18,1.76737544869607,1.83469058685553e-05
ENSG00000150048.10,1.76639636832748,0.0498551233646341
ENSG00000170006.12,1.76269388735809,1.07948444634157e-28
ENSG00000104147.9,1.75799356386845,0.0003994386481487
ENSG00000203747.12,1.7576939423293,2.10515086486716e-06
ENSG00000186350.12,1.75640341167788,1.62335766135636e-167
ENSG00000138587.6,1.75565291634658,6.49938624495361e-17
ENSG00000238105.7,1.75112627208579,0.0030587893013935
ENSG00000182687.4,1.74839391184448,0.0034302004901729
ENSG00000183631.5,1.73739224487635,3.6037515439297e-07
ENSG00000023892.11,1.73549894530767,9.80188487575748e-145
ENSG00000235328.1,1.73498988771801,0.0098565027177306
ENSG00000231877.1,1.73206244316273,0.0027867505224913
ENSG00000265798.6,1.73151456453216,0.0043956030438496
ENSG00000102384.14,1.73137396544986,1.71346440757573e-34
ENSG00000179300.4,1.7300577813107,5.8318198190074915e-09
ENSG00000056998.20,1.72543421138648,1.40816806751341e-08
ENSG00000152253.9,1.72267727519227,7.189397318343449e-28
ENSG00000166503.9,1.72168218762017,1.12695586168062e-07
ENSG00000134253.10,1.71970642919659,1.90414746328248e-05
ENSG00000256029.6,1.71866824558842,0.0371608816904376
ENSG00000100162.15,1.71821782409385,2.40137488687874e-21
ENSG00000187808.5,1.71563265957226,4.3151718503147e-10
ENSG00000165685.9,1.71460596956532,3.73271916709348e-06
ENSG00000185909.15,1.71273241946465,9.53551988371462e-10
ENSG00000148660.21,1.71123610953023,8.1274623290566e-42
ENSG00000172731.15,1.71064213370564,2.13785553097453e-05
ENSG00000267199.1,1.70994707379112,0.0197102396307941
ENSG00000129195.16,1.70992681822603,0.00071437531861
ENSG00000157303.11,1.70870605613709,2.0023107275878705e-23
ENSG00000135312.7,1.7083626725914,0.0020534336418804
ENSG00000104953.20,1.70703551542343,0.0023147478931343
ENSG00000185669.6,1.70696782641208,1.02615151873968e-14
ENSG00000266274.2,1.70545822190963,1.40987956648957e-06
ENSG00000165071.15,1.70357450155073,2.36219760693279e-06
ENSG00000148158.17,1.70353373032862,8.44675188373395e-78
ENSG00000213967.12,1.70197392002941,0.0149705457008947
ENSG00000171101.14,1.69772297396349,3.66694744611834e-18
ENSG00000129450.9,1.69757738106399,1.72550705873373e-56
ENSG00000176490.5,1.69723752980016,6.972622622710681e-54
ENSG00000271086.7,1.69478115851414,0.0429256931315594
ENSG00000175489.10,1.6935388168757,1.32581996185502e-96
ENSG00000168675.19,1.69338655827339,8.86165458407991e-42
ENSG00000146376.11,1.69088265798255,4.98292211037325e-129
ENSG00000230501.1,1.69075092599393,0.0339064316536366
ENSG00000169860.7,1.68980597917581,3.23744380513196e-29
ENSG00000077935.17,1.67341437118782,1.36446510089183e-09
ENSG00000176974.21,1.6717555295953,6.64565666354175e-26
ENSG00000120262.10,1.67028179732706,2.01759902986208e-22
ENSG00000103485.19,1.66977479119086,7.52005949280315e-66
ENSG00000153214.11,1.6671576447954,5.60293413015242e-137
ENSG00000117016.10,1.66453954254951,1.40137434699444e-192
ENSG00000230537.2,1.65946085506477,2.12167305636377e-05
ENSG00000183166.11,1.6570661292648,7.11919443978106e-24
ENSG00000214796.9,1.65501832206222,0.0020321100343648
ENSG00000239523.7,1.65478062328713,0.0229128787341363
ENSG00000138172.11,1.65421981630711,7.047313751222781e-47
ENSG00000081923.15,1.6508985411701,1.04105751923061e-25
ENSG00000169255.15,1.64792245796052,1.36746998177235e-27
ENSG00000151500.15,1.64786445254787,2.34006999812644e-34
ENSG00000226241.2,1.64568576007602,0.0432570041535776
ENSG00000261582.1,1.64327291715537,0.0402976703218449
ENSG00000179820.16,1.64272063086898,6.37738268098927e-17
ENSG00000275278.1,1.64114768450624,0.0060130555372219
ENSG00000198754.5,1.63677196157945,0.0023774484501117
ENSG00000197852.12,1.63529429841268,1.98686935086419e-53
ENSG00000186193.9,1.6347756225868,3.4119622991959e-31
ENSG00000104490.18,1.63368918374797,0.0001656425370453
ENSG00000134247.10,1.63314796429094,1.1567035161389901e-15
ENSG00000267041.6,1.63252854791706,9.7479854106077e-20
ENSG00000261468.1,1.63015999869595,0.0494023570394597
ENSG00000164048.14,1.63006833346681,1.0878316216297502e-25
ENSG00000267270.7,1.62998142607859,7.12353234156081e-09
ENSG00000008853.18,1.62503346297477,3.04648714689591e-67
ENSG00000147443.13,1.62184493353052,6.0651575009824906e-52
ENSG00000101445.10,1.62165395084424,1.3476085376561e-11
ENSG00000139269.3,1.6188150053045,0.0296410222571904
ENSG00000122547.11,1.61876230866026,7.62011745292117e-116
ENSG00000133121.21,1.61862912235269,1.56226730179715e-85
ENSG00000183023.18,1.61819928251099,4.45993100562033e-22
ENSG00000289268.1,1.61647186418014,0.0014164432279842
ENSG00000110665.12,1.6157712126349,1.58138479183676e-32
ENSG00000237422.3,1.61518423359511,0.0008010685366559
ENSG00000253968.2,1.6129286158405,0.0041758222819565
ENSG00000265743.1,1.61140802784013,2.06775205493783e-07
ENSG00000174370.12,1.60851185517887,4.4775373890586005e-24
ENSG00000261594.4,1.60808287606196,0.0009050895652342
ENSG00000129757.15,1.60665439589238,0.0002445677938784
ENSG00000107957.17,1.60189802417249,2.23629863516772e-64
ENSG00000109881.17,1.59928579028996,1.00357679020573e-14
ENSG00000167895.15,1.59747536099209,6.08435598115648e-30
ENSG00000140416.23,1.59702819658461,2.8911596048152e-65
ENSG00000087589.17,1.5936508320637,7.21543450373824e-36
ENSG00000009790.15,1.58964256212058,7.65196491667135e-46
ENSG00000126895.16,1.5889409987613,0.0291512303709631
ENSG00000240859.3,1.58816395729664,1.1422331741496499e-26
ENSG00000071246.11,1.58411357834236,4.34592795369925e-122
ENSG00000154930.15,1.58398349162447,3.1725145399028407e-15
ENSG00000120696.9,1.58349267601648,1.44959386046572e-15
ENSG00000126882.13,1.5808881795167,7.21120286523329e-86
ENSG00000135835.12,1.58002791398226,3.8788971164177e-41
ENSG00000232325.4,1.57917685697991,7.37370071605816e-05
ENSG00000114374.13,1.57880798241803,0.000476194931968
ENSG00000019102.12,1.5786836948601,0.0001725809978784
ENSG00000245281.8,1.57391655419335,0.0224572382344488
ENSG00000234232.7,1.57083782007483,1.25800383198207e-05
ENSG00000169604.21,1.5679332036991,3.33649003568788e-71
ENSG00000197093.11,1.56684982769976,3.96261257679264e-05
ENSG00000185905.4,1.56673604100818,6.42432779115967e-78
ENSG00000287769.1,1.56614470236108,0.0001090949415739
ENSG00000236901.6,1.56026525410293,1.29967123959646e-09
ENSG00000231249.2,1.55938342010009,0.0163702900141335
ENSG00000242498.8,1.55774565958539,2.79554059798636e-38
ENSG00000122966.17,1.55769901183643,1.20580626889119e-36
ENSG00000076555.16,1.55746286383504,3.58728176695653e-19
ENSG00000149548.15,1.55641464697773,4.54914086567914e-16
ENSG00000164124.11,1.55475852251444,1.74293603163603e-27
ENSG00000005882.12,1.55367139300741,1.4945185161030102e-17
ENSG00000198794.12,1.55207079807927,1.6470685120333402e-20
ENSG00000109674.4,1.54948049910142,3.44778966782685e-20
ENSG00000257167.3,1.54878692961892,2.01248856523629e-19
ENSG00000168061.17,1.54752004021546,1.218106212483e-15
ENSG00000091106.19,1.5469197881863,5.02441531696934e-40
ENSG00000131196.18,1.54669947818934,5.62200329238604e-60
ENSG00000170537.13,1.54445373006118,0.0188452515568512
ENSG00000127084.19,1.54216657655333,1.52548257446394e-71
ENSG00000184792.16,1.54083346379023,0.0019982874066041
ENSG00000252768.1,1.54018682212903,0.0467538162924326
ENSG00000198795.11,1.53875191340709,1.91886275531118e-60
ENSG00000140368.13,1.53589739789521,1.27134611015574e-73
ENSG00000275342.5,1.53517075993362,1.08943502612407e-48
ENSG00000005108.17,1.53456149765211,2.02508759395005e-44
ENSG00000215105.4,1.53410506925875,6.1689629051008e-13
ENSG00000251442.7,1.53117486398444,1.98736810808392e-45
ENSG00000175262.14,1.53016983320294,0.0007929117283121
ENSG00000136999.5,1.52779988679453,0.0108922087323949
ENSG00000183019.8,1.52776191868917,1.3254052011531101e-19
ENSG00000196872.12,1.52776018911398,0.0001455265805223
ENSG00000169282.18,1.52771493524159,0.0426441068542333
ENSG00000260303.1,1.52733920497563,0.0016782109648063
ENSG00000271743.1,1.52721718446095,1.7811469480938e-07
ENSG00000111371.16,1.5270408856853,1.51229084910897e-113
ENSG00000283602.1,1.52688222706975,0.0053596616788936
ENSG00000249242.8,1.52677055380693,6.11262685875751e-08
ENSG00000231870.4,1.52611376066543,0.0008701708478619
ENSG00000048740.19,1.5258963275307,4.32982200656239e-100
ENSG00000178789.9,1.52406135204581,1.16324976158326e-11
ENSG00000163513.19,1.52327751756279,3.30118452846792e-140
ENSG00000105516.11,1.52168564810754,6.593526155732091e-09
ENSG00000146243.14,1.52026271303414,1.1745184433483502e-15
ENSG00000139187.10,1.51871243760895,0.0378409587623492
ENSG00000074590.14,1.51753982233497,2.22668338453831e-31
ENSG00000270049.4,1.51608524194676,0.0002064916057481
ENSG00000184785.6,1.51090170688832,1.09983476301193e-06
ENSG00000075240.17,1.51009116675277,8.83887128538156e-184
ENSG00000135119.15,1.50974496011769,0.0423902864966886
ENSG00000069974.16,1.50878565779975,4.1315757835205004e-68
ENSG00000058335.16,1.50860250163374,1.17528975058579e-31
ENSG00000139508.15,1.50663440970111,1.411394006226e-12
ENSG00000072571.20,1.5018198849552,7.87621393387741e-33
ENSG00000163884.4,1.50063365160809,2.8818476235151e-05
ENSG00000149926.14,1.49882963786635,0.0193287851303066
ENSG00000272693.5,1.49820300196717,0.0277615044068647
ENSG00000124019.10,1.49794160894418,0.0005983173875227
ENSG00000187266.14,1.4976391236054,3.40964497394261e-08
ENSG00000247809.10,1.49736252776581,1.31688616470402e-06
ENSG00000134955.12,1.49610599473769,1.04088978974129e-107
ENSG00000203965.13,1.49586549708296,3.78779535448137e-10
ENSG00000247746.5,1.49164958322064,1.69176760819514e-20
ENSG00000254614.2,1.48943950655016,0.0327579151620579
ENSG00000267287.1,1.48853197594051,2.5260257860113e-13
ENSG00000234311.1,1.48518414777498,0.0133901253684606
ENSG00000261366.1,1.48501974201127,0.0166568218536273
ENSG00000152804.11,1.48358280242828,6.02470480898276e-12
ENSG00000228775.8,1.48332236455347,0.0486161139781227
ENSG00000183196.10,1.47694704449623,1.25561412925253e-05
ENSG00000186074.19,1.47195335956863,6.40698759267793e-28
ENSG00000109654.16,1.47077753251608,4.38991075084797e-53
ENSG00000271789.1,1.46783699669937,0.0029084886336902
ENSG00000159374.18,1.46434794593266,0.0130242951600584
ENSG00000101265.16,1.46419911937567,9.621399065676821e-97
ENSG00000254319.6,1.46102764815165,0.006106902833202
ENSG00000245293.4,1.45894269902751,0.0027925902978216
ENSG00000111206.13,1.45841092898063,6.19840380487285e-24
ENSG00000280649.2,1.45231957501985,0.0032814871277604
ENSG00000235568.7,1.45180992197677,1.06570040742713e-68
ENSG00000122122.10,1.44831533784587,1.9286869651086305e-17
ENSG00000128408.9,1.44799985503156,3.36825662678489e-07
ENSG00000089723.10,1.44786958690775,3.59388824332905e-09
ENSG00000162739.14,1.44340465286953,6.84113861995935e-12
ENSG00000223802.9,1.44092338346068,0.0494004811305061
ENSG00000228109.2,1.44086708637953,0.0479276850385367
ENSG00000110876.10,1.43895898285937,1.2115010913285896e-28
ENSG00000129173.13,1.43825800718735,3.67184378264924e-24
ENSG00000229676.3,1.43367431579344,0.0190221425358014
ENSG00000270055.1,1.43211342499246,0.0120115949028609
ENSG00000122223.13,1.43170584432182,8.172201651322839e-22
ENSG00000113504.21,1.42967839258796,1.65725514818965e-27
ENSG00000267904.1,1.42881523590553,0.0006447667911951
ENSG00000102879.16,1.4284113659849,2.09274014573796e-106
ENSG00000162745.11,1.42819057790297,3.97372492874335e-25
ENSG00000273032.3,1.42611080008787,0.0114555102862264
ENSG00000158714.11,1.42521470907421,9.014398431173967e-83
ENSG00000261798.1,1.4251125480434,0.0035108220616923
ENSG00000247950.8,1.4248225019437,0.0038997193747923
ENSG00000002587.10,1.42458825718751,1.54876744709306e-07
ENSG00000234338.1,1.42445336609487,0.0147223750890104
ENSG00000141696.13,1.42420894129564,1.77416429314373e-06
ENSG00000088179.9,1.42341944709678,4.22488596845255e-13
ENSG00000111058.8,1.42293428748561,5.56394523362877e-12
ENSG00000103066.13,1.41848209377999,6.29562988452484e-99
ENSG00000226137.5,1.4180108492579,5.03686668854015e-86
ENSG00000154760.14,1.41761217838263,2.0779633237226e-12
ENSG00000214960.11,1.41697707235012,0.0022048885620867
ENSG00000124743.6,1.41645676979167,0.0404516969229471
ENSG00000205045.12,1.41607114626381,6.39046311662736e-05
ENSG00000092068.21,1.41599999506202,2.82314513533849e-104
ENSG00000255422.3,1.41557878379613,4.09131314990764e-05
ENSG00000070371.16,1.41324539454862,5.1736405092852e-16
ENSG00000090889.12,1.41281398289652,6.21480501576701e-46
ENSG00000117399.14,1.41033946791097,6.37738268098927e-17
ENSG00000205683.12,1.4102668157355,5.78399091443971e-17
ENSG00000126787.13,1.4102082743347,1.3388945948619096e-28
ENSG00000254139.2,1.4095203570138,0.0013417454319806
ENSG00000164985.15,1.40945630546034,1.89117034195103e-66
ENSG00000154429.11,1.40830208467845,2.89192818310727e-79
ENSG00000229191.1,1.40390725469581,0.0078702209557201
ENSG00000131747.15,1.40333492256907,2.03288196748575e-60
ENSG00000183323.13,1.40273595476431,2.0467304500268297e-18
ENSG00000261526.2,1.40063720638155,0.0172638055413554
ENSG00000231113.2,1.39954360735116,1.5264142633833e-09
ENSG00000147724.12,1.39840945924641,4.54540181949735e-08
ENSG00000109944.11,1.3944157903376,1.8505307755343e-07
ENSG00000162073.14,1.39384512894893,4.06652247476596e-17
ENSG00000175538.11,1.39377615337689,6.076302031709031e-25
ENSG00000176124.15,1.39225136758939,9.38108744891115e-21
ENSG00000279369.1,1.3916315275801,0.0013086972456567
ENSG00000166963.13,1.3911902729386,0.0001313987675836
ENSG00000176749.9,1.39074769077554,4.48397425032439e-21
ENSG00000089685.15,1.39002891158459,2.29670506443689e-38
ENSG00000233901.7,1.38997379638571,2.64253506088018e-08
ENSG00000172349.18,1.38989223379033,3.3412601495336205e-15
ENSG00000167419.11,1.38963460315583,0.0040072658143157
ENSG00000281501.1,1.38832981746939,4.9733952464265e-08
ENSG00000139173.10,1.38754764609342,1.42700216339066e-07
ENSG00000120594.17,1.38559160339846,1.4740342162150801e-52
ENSG00000129951.19,1.38311528885978,0.0035701378451435
ENSG00000147082.18,1.38195553790369,0.0142873238643972
ENSG00000128694.12,1.38149154494436,3.04800552088146e-15
ENSG00000112218.9,1.37759825523804,2.7363142519781e-07
ENSG00000140534.14,1.37622864930504,4.99153402697571e-18
ENSG00000075218.19,1.3735261514774,3.35391973026437e-23
ENSG00000158825.6,1.37246872704613,4.93663757794404e-08
ENSG00000168078.10,1.37182686564276,3.02290028901337e-31
ENSG00000166153.17,1.37054316498656,0.004332693076437
ENSG00000105352.11,1.37025575939409,0.0001961590116276
ENSG00000187952.9,1.36946275879852,0.0025992588240603
ENSG00000157470.12,1.36755711857643,2.81350793758597e-24
ENSG00000132749.11,1.36725966285606,5.2467632230381695e-12
ENSG00000254510.3,1.36643430466628,0.0053822058890427
ENSG00000121957.15,1.3653741400143,4.03374133320193e-21
ENSG00000117643.15,1.36474775619032,1.5301961619937e-27
ENSG00000181800.6,1.36430805463663,0.0068386774643959
ENSG00000154839.10,1.36374067505528,2.6667358318798e-25
ENSG00000197496.6,1.36231647211898,0.0004662087301279
ENSG00000138080.14,1.35415782613086,0.0252613614791053
ENSG00000123643.13,1.3518592191917,1.05048011071835e-91
ENSG00000289053.1,1.35172178094022,0.0049827024734629
ENSG00000158402.21,1.35047784838119,2.4690541917504103e-09
ENSG00000066294.15,1.34693117622662,3.2544679624968402e-52
ENSG00000071794.16,1.34646150406236,1.41550946437898e-30
ENSG00000010322.16,1.34514780646443,4.37053929845928e-99
ENSG00000244405.8,1.34497980334244,3.07419847548519e-104
ENSG00000141401.12,1.34404862415089,6.37108686428463e-38
ENSG00000287823.1,1.34259114893516,5.86110368123389e-07
ENSG00000166548.17,1.33808852202723,5.16224930995703e-50
ENSG00000136982.6,1.33807999591624,6.691117760553701e-24
ENSG00000235027.1,1.33732896429422,1.40689673859102e-06
ENSG00000123836.15,1.33649477313196,1.12331456744296e-24
ENSG00000144827.9,1.33442694799558,1.04980748178427e-29
ENSG00000072422.17,1.333521738446,1.66144951304033e-06
ENSG00000140526.18,1.33296651106236,1.28342331381938e-83
ENSG00000276043.5,1.33232416826641,4.190628710304741e-44
ENSG00000134222.16,1.3322955421351,1.86182825615662e-32
ENSG00000176834.14,1.33132660522899,1.51892789200579e-18
ENSG00000148700.15,1.33112655146492,1.01329680752752e-10
ENSG00000114026.22,1.33086191578361,8.22541011891139e-43
ENSG00000159899.16,1.33014960792832,0.0093276690187826
ENSG00000234906.11,1.32984235836082,0.0213359738793219
ENSG00000106991.14,1.32902835184348,8.46366635348581e-100
ENSG00000170458.14,1.32882028080788,4.43319158677913e-52
ENSG00000132359.15,1.32839871409292,8.104791390143181e-20
ENSG00000185818.8,1.32726407111033,2.7002585689869607e-15
ENSG00000110921.14,1.32723811747379,1.1562545902302801e-15
ENSG00000164483.17,1.32667585560333,0.0223020393021919
ENSG00000156049.7,1.32577196804178,0.0040422913227083
ENSG00000013810.21,1.32542763011768,1.23295709398027e-65
ENSG00000259065.2,1.32531238488672,0.0258206612513256
ENSG00000164294.14,1.32522824524177,6.9479357341931e-11
ENSG00000174516.15,1.3250925795764,2.79615954959e-15
ENSG00000156414.20,1.32443799307813,0.0014726898968624
ENSG00000047230.15,1.32395349599296,8.51661781166005e-28
ENSG00000151612.18,1.32373899422803,0.0002468641885154
ENSG00000167799.10,1.32339932629375,0.0151832457515056
ENSG00000267565.1,1.32332228487742,0.0094449412741309
ENSG00000007968.7,1.32325604648617,3.5574587321357e-13
ENSG00000186767.7,1.32270453346716,3.3068655135163594e-11
ENSG00000136478.9,1.32245927873863,2.09250525096149e-88
ENSG00000156970.13,1.32231034536547,4.26952154096245e-50
ENSG00000121075.11,1.32151498035997,2.01240032126843e-05
ENSG00000229162.1,1.32111970018147,3.72369526126126e-06
ENSG00000186871.7,1.3205348246618,5.6820587590184e-10
ENSG00000092470.12,1.31503755208742,1.78675223010642e-37
ENSG00000230387.5,1.31345306014744,0.0106022385370212
ENSG00000035499.13,1.31193475703747,9.06051574138837e-13
ENSG00000255366.1,1.31007728314879,0.0016944963188281
ENSG00000184992.13,1.30968577046617,2.2510068003084203e-61
ENSG00000148798.11,1.30915203934586,6.88512958850648e-25
ENSG00000224616.4,1.30875221430033,1.01794958549607e-12
ENSG00000256576.3,1.30808620999045,0.0002173440917802
ENSG00000112984.12,1.30754031071554,7.88365962610917e-16
ENSG00000132819.17,1.30735851152167,2.2709472790544406e-58
ENSG00000103489.12,1.30665190744627,3.21557390248417e-52
ENSG00000157927.17,1.30624603839486,0.0001525583765763
ENSG00000162836.12,1.30552694914489,7.56735492098176e-07
ENSG00000100526.21,1.30547924433943,8.250797973925892e-14
ENSG00000173988.13,1.3051042632415,0.002083659588471
ENSG00000185697.17,1.30408211130236,1.48184544331752e-20
ENSG00000205309.14,1.30364096305041,0.0002928893870152
ENSG00000142512.15,1.30323813217492,7.67565315965995e-06
ENSG00000143772.11,1.30130461896552,8.591464481999279e-42
ENSG00000173253.16,1.29942061750342,0.0203877538044985
ENSG00000146038.12,1.29795069888514,0.0062260125731352
ENSG00000092067.6,1.29724875610543,9.37550019293001e-08
ENSG00000111665.12,1.29715034937717,1.20530517198677e-07
ENSG00000181409.14,1.2969894010339,2.6239699630179803e-09
ENSG00000144354.14,1.29603402228537,7.60339963108677e-21
ENSG00000164989.17,1.29509090724315,0.0001482632899236
ENSG00000011426.11,1.29471559551613,2.22895378644413e-55
ENSG00000234869.1,1.2946143956679,0.0001364054969106
ENSG00000125735.11,1.29423221837305,1.05147887492353e-63
ENSG00000143340.7,1.29331394350143,0.025975478770592
ENSG00000012124.17,1.29247847497221,3.72033456164209e-38
ENSG00000140876.11,1.29245366289232,0.0067767526360041
ENSG00000169891.18,1.29105790787572,1.38635076693637e-09
ENSG00000119283.16,1.29100461984445,2.50379634718578e-06
ENSG00000198246.9,1.29087635295367,3.5911100387527594e-11
ENSG00000145569.6,1.2907932837885,4.16186779746358e-33
ENSG00000111344.12,1.29028691832517,1.44197802592694e-09
ENSG00000167107.13,1.29021797926538,2.40074316765959e-17
ENSG00000082196.21,1.28913583415083,0.0393435668007629
ENSG00000104903.5,1.28687964985486,2.44253763705202e-22
ENSG00000167513.9,1.2868226097133,2.1579826830296e-29
ENSG00000286646.1,1.28656129268911,1.99637352602365e-12
ENSG00000138778.14,1.28570239354005,1.90254580704624e-29
ENSG00000249898.9,1.28419221971614,2.88864516873551e-33
ENSG00000138162.19,1.28287756287784,2.28759594574928e-21
ENSG00000161888.12,1.28143974194434,2.3048229888636e-19
ENSG00000123485.12,1.28078601801151,8.67497174984732e-25
ENSG00000088992.18,1.27358321465288,4.23140100339975e-16
ENSG00000196209.13,1.27354512291394,5.67294036614414e-10
ENSG00000253230.10,1.27346108151289,1.2910012524938099e-26
ENSG00000165480.16,1.27285052951688,5.5555097417213195e-34
ENSG00000253368.4,1.27181612197087,0.0157751683107439
ENSG00000264456.1,1.27146255334529,4.39869221808447e-07
ENSG00000287255.2,1.27143143463437,0.0225440914397955
ENSG00000198740.9,1.26996544619374,1.54088772509367e-25
ENSG00000109089.7,1.26965695274604,6.1246621507058285e-12
ENSG00000272462.4,1.26896167034754,0.0471509830859734
ENSG00000148400.13,1.26790009673653,1.7541411155326798e-70
ENSG00000132170.24,1.26785564778488,2.71549966237995e-44
ENSG00000175857.9,1.26721290645684,1.19408236936519e-14
ENSG00000170837.3,1.26707866744319,4.16241728747289e-21
ENSG00000077152.11,1.26652015263502,1.77021322063029e-28
ENSG00000113327.17,1.26546834351508,6.7909892925557e-08
ENSG00000130881.14,1.26369390804017,2.85427785172891e-25
ENSG00000261342.1,1.26365251111894,2.41584070656315e-05
ENSG00000273373.1,1.26321586974995,3.55036149674751e-08
ENSG00000158715.6,1.26112087476176,2.84919265753292e-21
ENSG00000182223.7,1.26107224086365,0.039645201958057
ENSG00000150477.15,1.25958477938316,6.50397729550957e-10
ENSG00000183578.8,1.25780137040498,2.27208278457256e-51
ENSG00000118596.12,1.25759120752059,3.11698589284559e-17
ENSG00000101417.12,1.25730510336567,7.477549073694721e-09
ENSG00000253846.3,1.25724707756933,2.05382619498812e-06
ENSG00000024526.17,1.25710974654535,4.38201092344258e-17
ENSG00000196689.13,1.25703256304345,7.48351361052477e-05
ENSG00000140044.13,1.25698182901018,1.88634160257528e-51
ENSG00000080986.13,1.25651792806036,8.40358148614338e-24
ENSG00000144040.13,1.25434886394742,1.20757817641137e-12
ENSG00000253981.6,1.25421083179557,5.90402106949107e-18
ENSG00000101188.5,1.25417639431406,9.4629469127002e-26
ENSG00000158717.11,1.25118747695611,3.40715412714328e-57
ENSG00000126861.5,1.25087660001061,1.77742483524399e-06
ENSG00000263327.6,1.25054711647348,9.42523602873389e-06
ENSG00000138180.16,1.25019369191695,1.8507548843790802e-21
ENSG00000235092.7,1.25001966936814,5.87393635223525e-20
ENSG00000006025.12,1.24959376065548,9.35902274973201e-19
ENSG00000118308.16,1.24941972648064,3.3697222298241103e-19
ENSG00000143228.13,1.24758259754927,1.87917499198627e-19
ENSG00000152213.4,1.24718474819796,1.65625553663066e-26
ENSG00000022267.19,1.24649691563912,1.0588608502385699e-28
ENSG00000066629.18,1.24611590988452,1.2345748811492e-12
ENSG00000143257.12,1.24595996644874,0.0031543290292239
ENSG00000167552.15,1.24578876029778,7.20298779640928e-54
ENSG00000095002.15,1.24312179517352,1.6133911018058398e-43
ENSG00000117724.14,1.24187866281784,4.57758451748432e-55
ENSG00000178537.10,1.2412347401183,1.18473415128594e-39
ENSG00000160094.15,1.24116941897386,1.13121570824019e-18
ENSG00000224536.2,1.24095292897171,4.71844006940839e-06
ENSG00000153012.12,1.24054900921034,7.703652152656421e-35
ENSG00000146263.12,1.24053551912094,3.6770617185006e-31
ENSG00000271795.1,1.24039936200402,0.0099628962752982
ENSG00000162174.12,1.23898590803139,0.0013061041009993
ENSG00000137135.18,1.23859720747052,1.24808188141608e-12
ENSG00000181467.5,1.23807311405141,1.71825827266957e-97
ENSG00000279278.1,1.23762493001227,0.0011979172492024
ENSG00000125245.14,1.23546517845203,1.67686678592209e-05
ENSG00000115425.14,1.23451577667307,1.51932296948837e-09
ENSG00000143847.16,1.23437703919772,1.50283342487037e-18
ENSG00000163686.15,1.2336022304143,6.8197955358516e-29
ENSG00000119927.14,1.23217117728151,2.33844836156585e-22
ENSG00000186310.10,1.23201431607805,0.0007364365718081
ENSG00000268500.6,1.23195719002976,5.4553037483854e-06
ENSG00000102271.14,1.23134796785028,0.0194742004411078
ENSG00000137491.15,1.2293871756879,1.90267867189861e-77
ENSG00000164087.8,1.22828670647329,7.329193975887169e-22
ENSG00000134363.12,1.22772702535684,0.0031581972450839
ENSG00000149269.10,1.22665161733507,9.754534344655e-75
ENSG00000183307.4,1.22624476537303,6.400779417877482e-19
ENSG00000240891.8,1.22585284300172,0.0332318356700884
ENSG00000111087.10,1.22575654697234,0.0292018167461612
ENSG00000164104.12,1.22555570530777,4.80267700042168e-48
ENSG00000100266.19,1.22521814841233,2.16027401990302e-147
ENSG00000241634.1,1.2246437454721,0.0490953667419547
ENSG00000164125.16,1.22462321232508,2.41703901838297e-05
ENSG00000171608.17,1.22222727439407,4.04657276547679e-75
ENSG00000196372.13,1.2216629173457,2.97359225324898e-17
ENSG00000237036.6,1.22137983477314,0.0417449852408203
ENSG00000100422.14,1.22058380624836,5.291493752582118e-78
ENSG00000188707.6,1.2192049079925,8.20616510745488e-05
ENSG00000069966.19,1.21904806049863,1.77854591255017e-24
ENSG00000135824.12,1.21904175246877,0.0006249006800757
ENSG00000118557.16,1.21893086278515,2.28342797732421e-05
ENSG00000164406.8,1.21850967295471,0.0067792507321097
ENSG00000109084.14,1.21734461126606,2.6116525273072397e-26
ENSG00000160298.18,1.21708260757845,1.27031835717446e-13
ENSG00000179240.13,1.21691306397711,9.458132610374273e-09
ENSG00000239213.7,1.2168919021223,8.77963560406536e-10
ENSG00000186185.14,1.21677482703315,9.33305801508641e-26
ENSG00000107282.8,1.21335520173564,4.15048614414265e-07
ENSG00000149972.12,1.212933574642,0.0360087873526135
ENSG00000232450.1,1.21282297000695,0.0065579642573537
ENSG00000261371.6,1.21206572575269,2.12899432041652e-128
ENSG00000247774.8,1.21206536797134,8.07526838768811e-08
ENSG00000137766.18,1.21181426226922,1.17077170469371e-05
ENSG00000235961.6,1.21126233668845,0.021611837177049
ENSG00000196227.11,1.2098019681905,2.00363389787404e-30
ENSG00000153551.14,1.20972689391338,3.22643754172051e-52
ENSG00000170153.11,1.20900034510282,0.0036271777047127
ENSG00000178919.9,1.20878540396968,0.0006771154002305
ENSG00000171488.15,1.20850780296211,1.48095473415285e-50
ENSG00000070159.14,1.20774044142703,7.38903180195819e-08
ENSG00000010318.22,1.20730894622335,4.24356779130944e-07
ENSG00000121152.10,1.20654030493423,1.19843111164253e-29
ENSG00000085840.13,1.20599310666766,1.94520597296508e-44
ENSG00000284693.2,1.20577397292406,0.0003972309749882
ENSG00000179761.12,1.20486693210002,1.07839739999104e-07
ENSG00000179715.13,1.2047056620874,0.0048146015436438
ENSG00000132405.19,1.20433645037243,1.6680744639532598e-57
ENSG00000088325.16,1.20418335252931,1.12633525554048e-30
ENSG00000236675.1,1.20317380031157,4.41353150868785e-06
ENSG00000180855.16,1.20167890353694,0.0049154175967814
ENSG00000178150.10,1.20139883356336,0.0055504951057944
ENSG00000254535.4,1.20053956207841,0.0417951766219826
ENSG00000101057.16,1.20008848315324,1.8273764747909603e-46
ENSG00000154645.14,1.19984130531455,0.0135761489692993
ENSG00000102996.5,1.19969220432715,2.77315373299446e-07
ENSG00000145107.16,1.19843041376259,3.64114591331324e-06
ENSG00000232593.7,1.19813392967211,3.96664540736938e-06
ENSG00000236008.4,1.19805304001611,0.0020553408316567
ENSG00000152932.8,1.19760174064953,0.0001402381964809
ENSG00000260948.1,1.19712135428589,0.0087507255329108
ENSG00000147488.12,1.19655412667052,0.0145630729894856
ENSG00000092200.13,1.19513984441932,0.0193242074369345
ENSG00000259162.2,1.19495997191636,0.0154357068452785
ENSG00000161640.15,1.19457742885511,5.44535453990687e-13
ENSG00000165424.7,1.19350957496054,1.7969047985876699e-28
ENSG00000184635.16,1.1932968219341,1.74911116333051e-27
ENSG00000152583.13,1.19206082281169,0.0004409777733714
ENSG00000259081.1,1.19121120928271,0.0032677570010916
ENSG00000113790.11,1.19092297855714,8.48256634596738e-11
ENSG00000178718.7,1.1907854795929,7.703595871364461e-25
ENSG00000069424.16,1.19026944252154,7.088758460150131e-120
ENSG00000117650.13,1.1900460837366,3.76348448901759e-14
ENSG00000005249.13,1.18882768160472,2.33926327186835e-21
ENSG00000184661.14,1.18624370193282,3.51757434702286e-20
ENSG00000005469.12,1.18569975537748,4.25640954546582e-12
ENSG00000176349.11,1.1854121788705,0.0007166154704872
ENSG00000132958.17,1.18384977500436,0.0350205747468356
ENSG00000187554.14,1.18236658460615,0.0126513617334771
ENSG00000076003.5,1.18202790018095,4.87064979419636e-57
ENSG00000237765.8,1.18140484985191,8.07386961973227e-21
ENSG00000182010.11,1.18028968891533,0.0031827671608058
ENSG00000007129.18,1.17977424495463,0.001571422556784
ENSG00000171246.6,1.17853896611012,9.08311060859406e-20
ENSG00000135127.12,1.17754106584408,6.70399473041261e-10
ENSG00000279838.1,1.17745781676605,0.0078423578487383
ENSG00000116991.12,1.17742253405182,1.7130734339907702e-54
ENSG00000103723.17,1.17700294881151,7.42914446829246e-07
ENSG00000115306.16,1.17673579344305,1.37478325331177e-37
ENSG00000143858.12,1.1758444801987,0.006367070418187
ENSG00000136720.7,1.17436946980676,4.4579693067360894e-43
ENSG00000117155.17,1.1735015811318,3.2683924515475296e-18
ENSG00000078674.19,1.17331481410199,1.030006800823e-85
ENSG00000159625.15,1.1725140738873,0.0297959458437413
ENSG00000182372.10,1.17212498235683,1.8029984437150406e-52
ENSG00000170425.4,1.17208077822164,9.41955370545713e-08
ENSG00000187474.5,1.17173113498203,0.0444520754615001
ENSG00000080546.14,1.16998706623328,6.06138826570977e-59
ENSG00000134376.17,1.16929963555801,0.0157650151194893
ENSG00000137101.14,1.16923564665715,9.78210226205128e-08
ENSG00000285331.2,1.1689000280169,1.41660712918847e-07
ENSG00000064666.15,1.16842584678749,4.94095021167874e-43
ENSG00000135451.13,1.1673708868326,4.81822222041563e-08
ENSG00000155254.13,1.16655833837477,9.49221680770135e-60
ENSG00000166803.14,1.1664530412971,4.3922657071567e-14
ENSG00000180881.20,1.16597262010249,0.0181508549218577
ENSG00000165113.13,1.16228101981502,0.0017244926719162
ENSG00000143126.8,1.16171935552502,1.30853050190513e-21
ENSG00000112742.10,1.16015685226493,3.01109413100555e-28
ENSG00000230953.2,1.1599564115008,0.0422436438768329
ENSG00000121621.7,1.1594078808744,6.77270060011261e-10
ENSG00000107819.14,1.15884749040109,6.15283538328444e-54
ENSG00000143797.12,1.15827173435761,1.80737188847215e-16
ENSG00000151882.11,1.15800911789842,0.0008732565151973
ENSG00000185862.7,1.1578745053715,7.070527794237629e-55
ENSG00000188906.17,1.15692415333166,2.27509691164537e-23
ENSG00000177406.5,1.15588973232317,3.31001033815506e-12
ENSG00000176595.4,1.15588804145393,1.9190872106092e-35
ENSG00000230426.5,1.15506037820415,0.0045349349167405
ENSG00000279407.1,1.15434484449835,0.0015305429357527
ENSG00000116985.12,1.15412768015202,8.304359155754658e-55
ENSG00000156675.16,1.15408299844018,2.51131876456907e-55
ENSG00000152782.18,1.15400492062323,1.49847169981154e-06
ENSG00000175063.17,1.15364206267653,1.9671640171090505e-14
ENSG00000185480.12,1.15223328370448,2.54663701508042e-09
ENSG00000133561.15,1.15156816339916,2.8932314574813203e-19
ENSG00000182890.5,1.15000409124025,6.83962624454562e-07
ENSG00000163808.17,1.1495548251448,1.04112712007959e-26
ENSG00000125355.16,1.149290107849,8.69262653640315e-66
ENSG00000287281.1,1.14926230212048,0.0332796404008517
ENSG00000166444.19,1.14922436193674,8.02140463054917e-06
ENSG00000146094.16,1.14882144390526,1.3523846366054898e-36
ENSG00000076382.17,1.14845495285979,2.55891676927778e-30
ENSG00000178460.18,1.14798159875535,0.0373740454275531
ENSG00000255468.7,1.14792539024813,0.0440750347092248
ENSG00000143786.8,1.14670709530391,1.07802286086808e-54
ENSG00000240024.6,1.14569759693853,2.50709584825656e-06
ENSG00000166546.14,1.14391188800251,0.0022577350057453
ENSG00000077063.11,1.14320272768909,0.0003175546907916
ENSG00000169683.8,1.1430437436939,8.191651721343481e-20
ENSG00000149418.11,1.14285486292093,1.5346249023523502e-45
ENSG00000148082.10,1.14210960143888,7.112321584208409e-11
ENSG00000166896.9,1.14200620769404,1.30502852154725e-05
ENSG00000105011.9,1.14148064983182,1.09943815557512e-35
ENSG00000198056.15,1.14123599439105,1.21870190113211e-11
ENSG00000196693.15,1.14115783522151,0.0001500129495944
ENSG00000164070.12,1.14104755546,2.7821162405217397e-26
ENSG00000180263.14,1.14055088311737,1.25601282070767e-11
ENSG00000104738.18,1.13991555050369,5.87840465985284e-79
ENSG00000108813.11,1.13858134046389,0.0351029238668687
ENSG00000153982.11,1.13845365682349,1.58483446325575e-05
ENSG00000156968.9,1.13836551225671,8.21721089006834e-22
ENSG00000180767.11,1.13813174528326,1.58062469472061e-06
ENSG00000161981.11,1.13803457002253,4.9967787780323415e-31
ENSG00000166145.15,1.13714240499729,3.4736446128619103e-25
ENSG00000165572.8,1.13684910532739,4.240893199642829e-16
ENSG00000008277.15,1.1355052562887,2.8833241429450002e-12
ENSG00000186472.20,1.13522171523945,8.51128201507675e-21
ENSG00000113552.16,1.13462469851835,3.37767268026343e-87
ENSG00000178996.14,1.13358592532278,7.66108522821119e-63
ENSG00000151491.14,1.13338776363124,9.0382166277909e-33
ENSG00000136108.15,1.1323186661193,4.54550168728858e-41
ENSG00000275437.1,1.13222296559041,0.0282068901400524
ENSG00000163803.13,1.13064342785718,1.24210184538651e-05
ENSG00000180509.13,1.1270957187997,0.0009919652541966
ENSG00000106683.15,1.12707567767533,9.86786306198804e-49
ENSG00000131885.17,1.12649639466,0.002429406579714
ENSG00000149485.19,1.12492883625253,8.88914257046272e-50
ENSG00000161277.11,1.12490172639507,1.44008746677025e-06
ENSG00000236682.3,1.12474968543199,0.0164840003957719
ENSG00000196711.9,1.12447165278818,0.0451372972516192
ENSG00000106799.13,1.12414123071332,2.3017751845172293e-40
ENSG00000189212.13,1.1232237946306,0.0026067216372681
ENSG00000197275.14,1.12302463507411,9.26973421694368e-07
ENSG00000171241.9,1.122947263107,6.13133292619494e-31
ENSG00000065413.20,1.12226032068395,5.40690305789028e-31
ENSG00000146670.10,1.12217669025033,5.54044825382431e-40
ENSG00000177191.3,1.12210970482958,7.22381855543956e-07
ENSG00000158270.12,1.12109167757367,0.0001435100932155
ENSG00000138439.12,1.12032135379542,6.42554395070945e-06
ENSG00000171016.13,1.11996688965764,2.04556834886276e-21
ENSG00000131153.9,1.11991333660641,2.91401890418616e-17
ENSG00000187840.5,1.11852214869291,1.73469841056927e-46
ENSG00000253821.2,1.11836675996589,1.38477332274011e-26
ENSG00000101307.16,1.11722644188825,6.573143523317e-10
ENSG00000255491.3,1.11594960273774,6.60980511505534e-46
ENSG00000111981.5,1.11486819905177,9.38703309846522e-13
ENSG00000225169.1,1.11393038923662,0.000279035767828
ENSG00000215009.6,1.11338313944728,0.0002644373907509
ENSG00000149474.15,1.11297818616746,1.49979632274163e-09
ENSG00000008256.16,1.11264753928912,1.5744215439959403e-58
ENSG00000111110.12,1.1121239998195,6.270737170215459e-50
ENSG00000269925.1,1.1106479330815,0.0462992782248144
ENSG00000269313.5,1.10976889879848,0.028405035198957
ENSG00000280157.1,1.10950134822465,0.0425835492551628
ENSG00000143476.18,1.10922277582797,7.79426212831275e-45
ENSG00000245614.5,1.10848834245974,0.0178366912341783
ENSG00000115163.15,1.10826734734444,1.00080911552208e-08
ENSG00000115232.14,1.1074757111933,4.44666535292024e-53
ENSG00000162062.15,1.10700779687536,3.23028023538421e-11
ENSG00000100558.9,1.10593185630418,0.0441898924733108
ENSG00000145375.9,1.10574491582392,2.4725852895786e-13
ENSG00000176927.16,1.10549669739548,0.0138998654259355
ENSG00000198774.5,1.10489332810097,0.0034327454460369
ENSG00000073050.12,1.10467442140901,6.19817038293331e-72
ENSG00000158163.15,1.10467275666491,0.00359352615883
ENSG00000036672.16,1.10341326978785,1.28468031768591e-41
ENSG00000162929.14,1.10174483636357,8.302311222209439e-11
ENSG00000130475.15,1.10172535583888,4.80373491576285e-24
ENSG00000181274.7,1.1003184215004,1.7418817510975102e-20
ENSG00000143412.10,1.10005430663371,0.0003777244815444
ENSG00000287825.2,1.09969307484671,5.0135819041732e-05
ENSG00000087586.18,1.09939532333904,3.25186208923339e-22
ENSG00000184060.11,1.09919274327057,2.7532471638321506e-52
ENSG00000167771.6,1.09860840984122,0.0226825748246068
ENSG00000115687.14,1.09855126376318,5.807336576166401e-16
ENSG00000162639.16,1.09798120472201,2.86214063042124e-24
ENSG00000259319.2,1.09715406400324,9.23054460961414e-05
ENSG00000122512.16,1.09704113380733,1.53107986905659e-12
ENSG00000235560.4,1.09673108585191,0.0348123174763462
ENSG00000119943.13,1.09619181698707,8.82663603004234e-05
ENSG00000169902.15,1.09239205936629,1.24376839822971e-33
ENSG00000111859.17,1.09064019405438,3.93905227811106e-11
ENSG00000214425.9,1.08937515531517,0.0002463370223371
ENSG00000117632.23,1.08931179662443,1.12434501941505e-37
ENSG00000105122.13,1.08896857493982,8.250863172425621e-25
ENSG00000186235.12,1.08875026081383,0.0003228032831171
ENSG00000126464.15,1.08854325174634,1.22685935013234e-32
ENSG00000073111.14,1.08549374429076,1.571902337357e-59
ENSG00000164742.16,1.08518017756071,2.5669438431696293e-40
ENSG00000188312.14,1.08480444171849,1.75593776278504e-09
ENSG00000169105.8,1.08394754196301,6.146131487849799e-23
ENSG00000087299.12,1.08324560391135,1.27013074477921e-09
ENSG00000135426.16,1.08260764829731,0.0005929790329695
ENSG00000243335.10,1.08151810152955,6.97629985164552e-31
ENSG00000117115.13,1.08146584523372,0.0008985942578282
ENSG00000109738.11,1.08042926300676,4.8441367516855e-07
ENSG00000239636.2,1.07910676530649,0.0033578742787589
ENSG00000156802.13,1.07907045488373,1.46196162517001e-41
ENSG00000125885.13,1.07874923977623,2.73018242356195e-05
ENSG00000165091.18,1.07815654993839,0.0188377731038597
ENSG00000100292.18,1.07793826474236,6.21920702959519e-71
ENSG00000065328.17,1.07763051957723,3.1058587416568506e-15
ENSG00000142856.17,1.07676766034593,4.95992257408958e-14
ENSG00000162814.11,1.0765492843213,0.0378409587623492
ENSG00000013725.14,1.07633268055223,0.0150717998518451
ENSG00000144320.14,1.07568513807482,8.2526950340236e-37
ENSG00000163923.10,1.07503501981356,2.77723979007373e-10
ENSG00000111186.13,1.07468026718219,1.9897498538307e-06
ENSG00000049246.15,1.07466833842617,3.67261225342731e-05
ENSG00000137502.10,1.07436871204165,0.0009911664631551
ENSG00000100271.17,1.07407524484564,2.55910590886495e-06
ENSG00000183208.13,1.07350762007603,6.9353032916386e-06
ENSG00000253214.3,1.07326336131781,0.0005200710294629
ENSG00000127423.11,1.07316833195459,1.59001456349185e-07
ENSG00000139405.16,1.07085587677626,1.20808537656836e-24
ENSG00000106025.9,1.07065900155833,0.0023671633896598
ENSG00000205060.11,1.06999660037877,1.69990610892333e-28
ENSG00000090447.12,1.06995013913251,2.30066311745008e-16
ENSG00000177602.5,1.06765364098929,1.60961559883287e-06
ENSG00000232197.3,1.06750625421958,0.002612018704607
ENSG00000160062.15,1.06647798869049,0.0143921360699568
ENSG00000157456.8,1.06558495977375,5.0874852166281004e-20
ENSG00000148773.14,1.06547619051275,1.4533866229418e-55
ENSG00000124098.10,1.06539019482122,2.7011249503995103e-35
ENSG00000066279.19,1.06499151604417,1.11964641118989e-17
ENSG00000122952.17,1.06464511421417,7.15051503296401e-33
ENSG00000150967.19,1.06415677843033,6.71739048649392e-07
ENSG00000071073.13,1.06396252577248,1.38526731755463e-52
ENSG00000155016.18,1.06333561773213,6.33475680778067e-13
ENSG00000134291.12,1.06202788088915,1.27523627654192e-28
ENSG00000164109.14,1.06176167079051,4.41400664732639e-26
ENSG00000166997.8,1.06067906985886,3.12260439874474e-05
ENSG00000166851.15,1.06061592259221,1.1124537338301698e-11
ENSG00000287680.1,1.05952687789517,0.0118676936309733
ENSG00000101003.10,1.05941037936121,3.39957426649963e-16
ENSG00000157064.11,1.05902134877828,3.83281486895834e-06
ENSG00000117318.9,1.05847282733137,2.63879944302346e-12
ENSG00000101255.12,1.05767664037539,9.11944426441612e-62
ENSG00000005844.19,1.05680232560175,2.38609681187556e-73
ENSG00000137812.21,1.05584416532409,4.39833459419748e-24
ENSG00000139734.19,1.05546176597345,1.95863554787437e-18
ENSG00000221926.13,1.05497680692893,0.0001587394434428
ENSG00000198879.13,1.05478493271435,8.591325996923359e-40
ENSG00000129675.16,1.05370219988519,1.875810794068e-37
ENSG00000157933.10,1.0536451329355,2.53140475408478e-30
ENSG00000182095.15,1.05355155194323,2.4180634097915003e-47
ENSG00000125703.15,1.05233542579918,8.51661653951522e-17
ENSG00000180769.10,1.05168598521128,0.0044397742143635
ENSG00000146918.20,1.05157692293977,2.12159958374356e-61
ENSG00000106789.13,1.05040321280669,1.34208335611922e-12
ENSG00000174684.7,1.04969857319124,5.53905021820375e-27
ENSG00000237753.2,1.04963807678051,0.0006074837889327
ENSG00000186318.18,1.04934439737104,3.37635347889878e-34
ENSG00000269821.1,1.0492086272988,1.36405431011148e-08
ENSG00000151490.15,1.04794118486398,1.40151511647813e-20
ENSG00000279713.1,1.0477563371554,0.0175962718560614
ENSG00000255587.9,1.04653822786482,1.10597184750914e-09
ENSG00000225542.2,1.04644306512261,0.0003808481496974
ENSG00000101447.15,1.04563800694357,2.97769542443943e-07
ENSG00000275793.1,1.04534244587127,0.0295767652579337
ENSG00000175938.7,1.044430150044,5.71806539690078e-10
ENSG00000130193.8,1.04350977442212,9.95146186732332e-07
ENSG00000260916.8,1.04350902911605,1.09999225980431e-24
ENSG00000137474.23,1.0429629986343,4.21721557626057e-16
ENSG00000129534.14,1.04258387558769,1.9311085956333798e-28
ENSG00000183850.14,1.0425432442339,0.0106887044573018
ENSG00000134824.14,1.04212772328123,5.50797722642329e-15
ENSG00000145284.12,1.04143791330668,8.23709830030154e-09
ENSG00000110090.13,1.03995502988955,1.31926343445191e-42
ENSG00000075702.19,1.03864416929136,1.9067304155674101e-19
ENSG00000228716.7,1.03828040231238,1.01790095367819e-24
ENSG00000182685.8,1.03812934542732,0.0022554358672137
ENSG00000242715.8,1.03727163284647,0.0483348560387449
ENSG00000197360.9,1.0366437606057,0.0095548102874362
ENSG00000151575.14,1.03651805457151,4.97801962607571e-05
ENSG00000106638.18,1.03534810053936,3.29347431192213e-67
ENSG00000150636.17,1.03518058546086,0.0434095425495793
ENSG00000152315.5,1.0351111510009,1.37449497374525e-14
ENSG00000171130.19,1.03484320075756,7.59268880743443e-13
ENSG00000135069.14,1.0347363915552,1.97701321013257e-37
ENSG00000179029.15,1.03413771145688,2.73019351229597e-07
ENSG00000197299.13,1.03400409366793,3.22076210219606e-23
ENSG00000132423.12,1.03385949877203,0.0002349560861956
ENSG00000196081.10,1.0337928772147,0.0408152012173898
ENSG00000040341.18,1.03370090368625,7.3512338969889914e-31
ENSG00000106031.9,1.03314437617204,7.23305857514996e-07
ENSG00000138413.14,1.0328762043272,2.55380279232377e-48
ENSG00000144792.9,1.03264917682607,0.0377413306082828
ENSG00000140323.6,1.03247497381826,0.0346538825809452
ENSG00000235194.9,1.03154190182465,3.16175052408935e-09
ENSG00000138160.7,1.03119842717651,3.80913510280955e-19
ENSG00000171611.10,1.03105690882755,0.0001977729482293
ENSG00000154889.17,1.03051539572389,1.75829442145173e-15
ENSG00000111452.13,1.03011386411229,0.0044283725076487
ENSG00000175322.12,1.02991350545092,3.41184371847623e-05
ENSG00000163961.4,1.02953161515973,2.38057432982478e-19
ENSG00000171700.14,1.02699880597411,1.14359288654922e-33
ENSG00000284946.1,1.02539330396371,0.0004119112948482
ENSG00000125871.14,1.02529069532325,2.62819650616074e-16
ENSG00000130762.15,1.02472531299667,0.0008784563856728
ENSG00000161800.13,1.02462110753263,3.0931408412010907e-19
ENSG00000175906.5,1.02273830543266,2.81648105330725e-07
ENSG00000135077.9,1.02237738821437,1.55863954858207e-35
ENSG00000166068.13,1.02216760213087,1.04770447833855e-07
ENSG00000176890.16,1.02170476366069,5.85987422777847e-19
ENSG00000229852.4,1.02142051339255,4.46588991812115e-05
ENSG00000145882.11,1.02020309053966,7.64460451129302e-38
ENSG00000065609.15,1.01998797112163,0.0027545739434976
ENSG00000183814.16,1.01959333226769,8.036182838858362e-19
ENSG00000130513.7,1.01929786166696,5.09860348186394e-40
ENSG00000181544.15,1.01901366595667,2.28976608099961e-06
ENSG00000214575.10,1.01896415423051,0.0300588195019293
ENSG00000123219.13,1.01832777401004,2.03037648943443e-14
ENSG00000142549.10,1.0176478515697,0.0009730069242055
ENSG00000172893.18,1.01709735419205,1.5277401737591e-27
ENSG00000203995.10,1.01708426871641,0.0064375737410296
ENSG00000116161.18,1.01681988399906,6.45639998516911e-38
ENSG00000148218.16,1.01614384235268,5.32792403679902e-32
ENSG00000226900.2,1.01565882077479,0.005306867297283
ENSG00000152818.19,1.01562515186706,6.6502340787019e-36
ENSG00000288018.2,1.0154279017227,0.0356491358046252
ENSG00000268087.1,1.01535550394373,0.0451309391340226
ENSG00000103942.13,1.01506049920237,9.21556004643682e-06
ENSG00000198324.14,1.01398172974549,1.65675613149351e-35
ENSG00000287431.1,1.01347093990635,0.0068414472280531
ENSG00000118193.12,1.01344380660029,5.1088967438444e-17
ENSG00000149091.15,1.01343567947596,8.11687496394322e-52
ENSG00000132122.12,1.01207368475031,0.0076505730338383
ENSG00000110002.16,1.01201803166695,3.2670037392259e-12
ENSG00000141404.17,1.01086376565373,0.0029175809240834
ENSG00000154122.14,1.01076609577666,1.65106873403076e-32
ENSG00000168995.13,1.01072846327868,7.735609756845101e-21
ENSG00000147852.17,1.01071830008337,1.7463143089409402e-25
ENSG00000163393.13,1.01049524873708,4.39478127350645e-34
ENSG00000132383.12,1.01041386298487,1.3255327710131e-45
ENSG00000141510.18,1.00868472768279,3.4678595563765e-06
ENSG00000274471.2,1.00850202063845,0.0048363561022147
ENSG00000288756.1,1.00845460286697,0.0499540104983312
ENSG00000091651.9,1.00840182068239,8.17974145410964e-23
ENSG00000115423.19,1.00696631298809,0.0473874891368987
ENSG00000070087.15,1.00691061913034,6.0813761101288e-05
ENSG00000260588.1,1.00643012599134,0.0054139826626029
ENSG00000181036.14,1.00485271558068,6.6545199706024914e-09
ENSG00000154920.15,1.00485203690524,5.98272828325671e-08
ENSG00000147130.14,1.00408373126896,2.54619710496787e-31
ENSG00000278330.1,1.00395717522509,3.87708773976253e-10
ENSG00000113211.6,1.00324961550279,1.68661576004488e-05
ENSG00000228427.4,1.00229519776623,0.0006613821700287
ENSG00000196584.3,1.00156646111558,4.28353474176622e-17
ENSG00000100629.17,1.0013457739397,3.78265030698828e-12
ENSG00000280202.1,1.00114852768405,0.0004591049525022
ENSG00000051180.17,1.0006846288925,8.178798260910861e-17
ENSG00000051341.15,1.00044559657487,6.5549908421659e-25
