gene,chr,start,end,strand
OR4G11P,chr1,56598,57598,+
U6,chr1,516479,517479,-
CICP3,chr1,721092,722092,+
C1QTNF12,chr1,1246722,1247722,-
SSU72,chr1,1574863,1575863,-
CHD5,chr1,6180321,6181321,-
Y_RNA,chr1,7982983,7983983,-
LINC01714,chr1,8200518,8201518,+
RPL7P7,chr1,8786913,8787913,-
SNORA70,chr1,12221271,12222271,-
KAZN-AS1,chr1,14419973,14420973,-
PLEKHM2,chr1,15683320,15684320,+
MIR1290,chr1,18897148,18898148,-
RNU4-28P,chr1,19509593,19510593,+
GALE,chr1,23800781,23801781,-
MYOM3,chr1,24112135,24113135,-
LIN28A,chr1,26409817,26410817,+
Metazoa_SRP,chr1,29040199,29041199,+
PTPRU,chr1,29235516,29236516,+
FABP3,chr1,31376850,31377850,-
SNORA63,chr1,37883237,37884237,+
RNU6-584P,chr1,37884023,37885023,+
HSPE1P8,chr1,39304898,39305898,-
PTPRF,chr1,43524187,43525187,+
IPP,chr1,45750653,45751653,-
LRRC41,chr1,46303616,46304616,-
GPX7,chr1,52601371,52602371,+
DOCK7,chr1,62688386,62689386,-
RPSAP65,chr1,63261113,63262113,+
ALG6,chr1,63366575,63367575,+
GNG12-AS1,chr1,67831297,67832297,+
CRYZ,chr1,74733408,74734408,-
ASB17,chr1,75932404,75933404,-
ZNF644,chr1,91022272,91023272,-
ABCA4,chr1,94121148,94122148,-
GSTM5,chr1,109710780,109711780,+
AHCYL1,chr1,109983765,109984765,+
CHIAP2,chr1,111279059,111280059,+
OVGP1,chr1,111427735,111428735,-
ATP5PB,chr1,111447864,111448864,+
KCND3-IT1,chr1,111856905,111857905,-
NGF,chr1,115338770,115339770,-
U3,chr1,116277606,116278606,+
U1,chr1,120353987,120354987,+
RNVU1-15,chr1,144411576,144412576,+
PPIAL4H,chr1,146344765,146345765,-
U4,chr1,150608623,150609623,-
RFX5,chr1,151347326,151348326,-
RPTN,chr1,152159228,152160228,-
RPS7P2,chr1,154077866,154078866,+
SNORA58B,chr1,154258727,154259727,+
ZBTB7B,chr1,155001630,155002630,+
EFNA3,chr1,155077837,155078837,+
MIR92B,chr1,155194177,155195177,+
RAB25,chr1,156060160,156061160,+
BCAN-AS1,chr1,156641004,156642004,-
SMIM42,chr1,158128301,158129301,-
CADM3,chr1,159170609,159171609,+
SLAMF7,chr1,160738057,160739057,+
RNA5SP65,chr1,167004959,167005959,+
POU2F1,chr1,167219876,167220876,+
RN7SL333P,chr1,169858756,169859756,+
AIMP1P2,chr1,172886258,172887258,-
RNU2-12P,chr1,176244029,176245029,-
RALGPS2-AS1,chr1,178726285,178727285,-
TDRD5,chr1,179590613,179591613,+
CCNQP1,chr1,200212678,200213678,+
PHLDA3,chr1,201469237,201470237,-
SNORA72,chr1,205731352,205732352,-
C4BPAP2,chr1,207224798,207225798,+
LAMB3,chr1,209652425,209653425,-
USH2A,chr1,216423448,216424448,-
HDAC1P2,chr1,220624740,220625740,+
LINC02474,chr1,221965341,221966341,+
RNU6-1304P,chr1,225740275,225741275,+
WNT9A,chr1,227947932,227948932,-
RPL23AP15,chr1,228449621,228450621,-
U8,chr1,234592275,234593275,+
NID1,chr1,236065109,236066109,-
RYR2,chr1,237041184,237042184,+
FABP7P1,chr1,243625056,243626056,-
ZNF731P,chr1,247210856,247211856,-
OR9H1P,chr1,247769169,247770169,+
OR2AS2P,chr1,248497308,248498308,+
OR2T29,chr1,248562772,248563772,-
COLEC11,chr2,3593832,3594832,+
YWHAQ,chr2,9630997,9631997,-
GREB1,chr2,11481341,11482341,+
RNU2-13P,chr2,11560194,11561194,+
RNU6-1215P,chr2,18583468,18584468,-
LINC01376,chr2,19348067,19349067,-
RN7SKP27,chr2,22860552,22861552,+
SF3B6,chr2,24076373,24077373,-
RNU6-936P,chr2,24675309,24676309,+
RPS2P15,chr2,26102136,26103136,-
FAM166C,chr2,26561585,26562585,+
PREB,chr2,27134666,27135666,-
KRTCAP3,chr2,27441366,27442366,+
C2orf16,chr2,27536386,27537386,+
STRN,chr2,36966536,36967536,-
CEBPZOS,chr2,37195488,37196488,+
EML4,chr2,42168353,42169353,+
KCNG3,chr2,42493982,42494982,-
FTOP1,chr2,42798712,42799712,-
TPT1P11,chr2,48633353,48634353,-
SNORA75,chr2,49888986,49889986,-
TSPYL6,chr2,54256229,54257229,-
IFITM3P9,chr2,60683244,60684244,-
RPL23AP37,chr2,64347741,64348741,-
GFPT1,chr2,69387250,69388250,-
ASPRV1,chr2,69961631,69962631,-
PCBP1-AS1,chr2,70103220,70104220,-
MPHOSPH10,chr2,71129632,71130632,+
SNORD94,chr2,86134870,86135870,+
RMND5A,chr2,86719291,86720291,+
ANAPC1P1,chr2,86860825,86861825,+
ANAPC1P4,chr2,87699984,87700984,+
NDUFB4P7,chr2,87967609,87968609,+
EIF2AK3-DT,chr2,88626539,88627539,+
ANKRD36BP2,chr2,88764807,88765807,+
IGKV2-30,chr2,89245596,89246596,-
IGKV2D-10,chr2,90178889,90179889,+
IGKV1D-43,chr2,90208873,90209873,+
MAL,chr2,95024677,95025677,+
LINC02611,chr2,98775361,98776361,-
ARPP19P2,chr2,100508277,100509277,+
IL1R1-AS1,chr2,102182108,102183108,-
IL1RL2,chr2,102186006,102187006,+
LINC01796,chr2,102895780,102896780,-
ST6GAL2-IT1,chr2,106825031,106826031,-
LINC01885,chr2,107748270,107749270,-
GCC2-AS1,chr2,108534196,108535196,-
MALL,chr2,110116022,110117022,-
PAX8,chr2,113278921,113279921,-
RABL2A,chr2,113626229,113627229,+
RPSAP23,chr2,115467056,115468056,+
SFT2D3,chr2,127700497,127701497,+
NOC2LP1,chr2,130228379,130229379,+
SSBP3P2,chr2,131353239,131354239,-
GNAQP1,chr2,131424867,131425867,-
NOC2LP2,chr2,131444587,131445587,-
MED15P4,chr2,131536988,131537988,-
CDRT15P3,chr2,131801661,131802661,-
MANEALP1,chr2,135898978,135899978,-
RPS16P3,chr2,141208376,141209376,-
TUBAP13,chr2,153421957,153422957,-
DAPL1,chr2,158794317,158795317,+
CYP2C56P,chr2,164320933,164321933,+
BBS5,chr2,169478480,169479480,+
DPRXP1,chr2,186489083,186490083,-
CALCRL,chr2,187448460,187449460,-
RN7SL717P,chr2,199901377,199902377,-
LINC01857,chr2,207661375,207662375,+
IKZF2,chr2,213152427,213153427,-
LINC02862,chr2,215273992,215274992,+
IGFBP2,chr2,216631828,216632828,+
CTDSP1,chr2,218397256,218398256,+
WNT10A,chr2,218879852,218880852,+
FAM124B,chr2,224402107,224403107,-
RHBDD1,chr2,226834581,226835581,+
RPL21P35,chr2,231558903,231559903,+
RPL23AP26,chr2,231584864,231585864,+
ECEL1P2,chr2,232387457,232388457,-
ECEL1,chr2,232487834,232488834,-
RNU1-31P,chr2,236210548,236211548,-
STK25,chr2,241509730,241510730,-
NEU4,chr2,241808065,241809065,+
CHL1-AS1,chr3,385795,386795,-
SETMAR,chr3,4302332,4303332,+
EGOT,chr3,4751590,4752590,-
UBTFL8,chr3,5084429,5085429,-
SRGAP3,chr3,9363053,9364053,-
SRGAP3-AS2,chr3,9191493,9192493,+
OGG1,chr3,9748944,9749944,+
JAGN1,chr3,9889574,9890574,+
GHRL,chr3,10292947,10293947,-
SEC13,chr3,10321112,10322112,-
MIR378B,chr3,10329229,10330229,+
RNA5SP124,chr3,14393648,14394648,+
MIR563,chr3,15872771,15873771,+
MIR3714,chr3,16932196,16933196,+
MOBP,chr3,39466198,39467198,+
ATP6V0E1P2,chr3,41859594,41860594,-
POMGNT2,chr3,43106085,43107085,-
TGM4,chr3,44873608,44874608,+
ZDHHC3,chr3,44976185,44977185,-
CCR5,chr3,46369946,46370946,+
MIR6823,chr3,48550021,48551021,-
SLC26A6,chr3,48635493,48636493,-
ARIH2OS,chr3,48918823,48919823,-
ABHD14B,chr3,51983409,51984409,-
TNNC1,chr3,52454041,52455041,-
SNORD63,chr3,53530401,53531401,-
CABYRP1,chr3,54048793,54049793,-
KCTD6,chr3,58491096,58492096,+
CLUHP10,chr3,75628993,75629993,+
RCC2P5,chr3,96752185,96753185,+
RNU6-1263P,chr3,98907459,98908459,+
FILIP1L,chr3,100114513,100115513,-
NXPE3,chr3,101778202,101779202,+
GUCA1C,chr3,108953879,108954879,-
FAM214BP1,chr3,114233021,114234021,-
ZBTB20-AS1,chr3,114350771,114351771,+
EIF4BP8,chr3,122659613,122660613,+
RPS3AP14,chr3,125794106,125795106,+
MRPL3,chr3,131502983,131503983,-
RPL7P16,chr3,132244265,132245265,-
IL20RB,chr3,136945230,136946230,+
HMGN2P25,chr3,141865279,141866279,-
SLC9A9-AS1,chr3,143341246,143342246,+
ST13P15,chr3,143518229,143519229,-
UBQLN4P1,chr3,148987668,148988668,-
P2RY13,chr3,151329549,151330549,-
METTL15P1,chr3,156714928,156715928,-
NMD3,chr3,161103696,161104696,+
SLC7A14,chr3,170586075,170587075,-
LRRFIP1P1,chr3,179261273,179262273,-
LINC01206,chr3,181951343,181952343,+
MAP3K13,chr3,185281941,185282941,+
ADIPOQ,chr3,186841704,186842704,+
P3H2,chr3,190122437,190123437,-
CLDN16,chr3,190321541,190322541,+
SDHAP1,chr3,195990318,195991318,-
RNU6-1279P,chr3,196393812,196394812,-
ZNF718,chr4,123501,124501,+
TBC1D14,chr4,6908242,6909242,+
MIR4798,chr4,7309450,7310450,+
ABLIM2,chr4,8158832,8159832,-
HMX1,chr4,8871839,8872839,-
USP17L20,chr4,9257124,9258124,+
OR7E35P,chr4,9753898,9754898,+
MIR572,chr4,11367827,11368827,+
SLIT2,chr4,20250905,20251905,+
PACRGL,chr4,20695282,20696282,+
HNRNPA1P65,chr4,24770467,24771467,+
PI4K2B,chr4,25159663,25160663,+
TBC1D1,chr4,37890084,37891084,+
PRDX4P1,chr4,44944961,44945961,-
GABRA2,chr4,46475230,46476230,-
MTND3P22,chr4,49245601,49246601,+
KDR,chr4,55125595,55126595,-
LARP1BP1,chr4,63349114,63350114,+
RUFY3,chr4,70703204,70704204,+
HMGA1P2,chr4,73097822,73098822,+
THAP6,chr4,75512946,75513946,+
PRDM8-AS1,chr4,80197410,80198410,-
MTCYBP44,chr4,81734207,81735207,-
SNORD42,chr4,82402706,82403706,-
THAP9-AS1,chr4,82900960,82901960,-
MAPK10,chr4,86594625,86595625,-
FAM13A-AS1,chr4,88708298,88709298,+
TBCAP3,chr4,98909848,98910848,-
H2AZ1-DT,chr4,99949006,99950006,+
LRRC37A15P,chr4,102730721,102731721,-
RNU6-635P,chr4,103923540,103924540,+
OSTC,chr4,108649585,108650585,+
MIR576,chr4,109487698,109488698,+
ANK2,chr4,112817032,112818032,+
BBS7-DT,chr4,121869583,121870583,+
PPIAP76,chr4,124061462,124062462,+
PCDH10-DT,chr4,133149147,133150147,-
USP38-DT,chr4,143184861,143185861,-
PPID,chr4,158723396,158724396,-
NPY5R,chr4,163342892,163343892,+
APOBEC3AP1,chr4,170098818,170099818,+
LINC02504,chr4,171298267,171299267,-
PLEKHG4B,chr5,91168,92168,+
SLC12A7,chr5,1112063,1113063,-
NSUN2,chr5,6633291,6634291,-
ADCY2,chr5,7395138,7396138,+
ANKH,chr5,14871778,14872778,-
RNU6-1003P,chr5,17239611,17240611,+
TPT1P5,chr5,31907361,31908361,+
MTMR12,chr5,32312987,32313987,-
SLC45A2,chr5,33984693,33985693,-
TTC23L-AS1,chr5,34839278,34840278,-
RNU7-130P,chr5,35633024,35634024,-
GDNF,chr5,37840041,37841041,-
GHR,chr5,42422439,42423439,+
PRELID3BP4,chr5,42897832,42898832,-
ARL15,chr5,54310582,54311582,-
RPL37P25,chr5,54398439,54399439,+
LINC01948,chr5,56481946,56482946,-
RPL26P19,chr5,56505072,56506072,-
RN7SKP157,chr5,62145665,62146665,+
TAF9,chr5,69370013,69371013,-
OCLN,chr5,69491292,69492292,+
LINC02122,chr5,74103216,74104216,-
LINC01332,chr5,74334766,74335766,-
ZBED3,chr5,77087285,77088285,-
KRT18P45,chr5,80287449,80288449,+
ZCCHC9,chr5,81300587,81301587,+
LINC02060,chr5,88439090,88440090,-
FAM174A,chr5,100534374,100535374,+
KRT18P42,chr5,109587338,109588338,+
FEM1C,chr5,115544775,115545775,-
H3P24,chr5,115769586,115770586,+
LVRN,chr5,115961454,115962454,+
HMGB1P29,chr5,124221077,124222077,-
KIF20A,chr5,138177719,138178719,+
FAM53C,chr5,138330935,138331935,+
EGR1,chr5,138464479,138465479,+
LRRTM2,chr5,138875368,138876368,-
UBE2D2,chr5,139525431,139526431,+
PCDHA8,chr5,140840187,140841187,+
PCDHGB9P,chr5,141438853,141439853,+
GNPDA1,chr5,142013041,142014041,-
NDFIP1,chr5,142107779,142108779,+
SPINK14,chr5,148167546,148168546,+
FBXO38,chr5,148382935,148383935,+
TNIP1,chr5,151093577,151094577,-
LINC01861,chr5,153898987,153899987,-
CNOT8,chr5,154856553,154857553,+
MARK2P11,chr5,157989990,157990990,-
ADRA1B,chr5,159864080,159865080,+
PTTG1,chr5,160420855,160421855,+
SLIT3,chr5,169301139,169302139,-
PRMT1P1,chr5,177266588,177267588,-
RGS14,chr5,177356924,177357924,+
ZNF354C,chr5,179059373,179060373,+
LINC00847,chr5,180829326,180830326,+
MIR548A1,chr6,18570784,18571784,+
NBAT1,chr6,22147193,22148193,-
DCDC2,chr6,24358059,24359059,-
KRT8P43,chr6,24597012,24598012,+
H3P26,chr6,26015379,26016379,+
BTN1A1P1,chr6,26476872,26477872,+
H2BC16P,chr6,27864401,27865401,-
OR2B8P,chr6,28054165,28055165,-
ZSCAN23,chr6,28443502,28444502,-
OR2G1P,chr6,29230157,29231157,-
DDX6P1,chr6,29331061,29332061,-
HCG21,chr6,30954862,30955862,-
MUC21,chr6,30982718,30983718,+
BAG6,chr6,31652705,31653705,-
RNF5,chr6,32177405,32178405,+
HLA-DRA,chr6,32438878,32439878,+
TAP2,chr6,32838739,32839739,-
CUTA,chr6,33418317,33419317,-
SYNGAP1,chr6,33418661,33419661,+
PPARD,chr6,35341558,35342558,+
MIR7111,chr6,35469508,35470508,+
CPNE5,chr6,36839444,36840444,-
KIF6,chr6,39725408,39726408,-
PEX6,chr6,42979181,42980181,-
SLC35B2,chr6,44257890,44258890,-
ADGRF5-AS1,chr6,46902471,46903471,+
HMGCLL1,chr6,55579197,55580197,-
ZNF451,chr6,57085844,57086844,+
ADH5P4,chr6,65838039,65839039,-
AK4P5,chr6,80078362,80079362,-
ATP5MFP2,chr6,108907873,108908873,-
CD164,chr6,109382467,109383467,-
RSPH4A,chr6,116615479,116616479,+
ATP5MGP2,chr6,122859988,122860988,-
CLVS2,chr6,122995235,122996235,+
VNN1,chr6,132714055,132715055,-
VNN2,chr6,132763459,132764459,-
LINC01010,chr6,134342307,134343307,+
AHI1,chr6,135498434,135499434,-
MIR4465,chr6,140682814,140683814,+
VTA1,chr6,142146162,142147162,+
EPM2A,chr6,145736023,145737023,-
RNA5SP225,chr6,153419438,153420438,+
SRP72P2,chr6,158242797,158243797,-
PNLDC1,chr6,159799249,159800249,+
GLCCI1,chr7,7967796,7968796,+
PHF14,chr7,10972336,10973336,+
EEF1A1P27,chr7,20581072,20582072,+
STEAP1B,chr7,22727613,22728613,-
C7orf31,chr7,25180356,25181356,-
HOXA-AS3,chr7,27128977,27129977,+
HOXA5,chr7,27143681,27144681,-
CHN2-AS1,chr7,29208970,29209970,-
INMT,chr7,30696985,30697985,+
RNU6-565P,chr7,37350143,37351143,+
NME8,chr7,37847597,37848597,+
MPLKIP,chr7,40134622,40135622,-
OGDH,chr7,44605572,44606572,+
IKZF1,chr7,50303068,50304068,+
SLC25A1P2,chr7,63397046,63398046,+
TNRC18P2,chr7,63585075,63586075,-
ABCF2P2,chr7,72102181,72103181,+
GTF2IP4,chr7,73153938,73154938,+
ELN-AS1,chr7,74062284,74063284,-
RAD23BP2,chr7,83662419,83663419,+
SOCS5P1,chr7,86217733,86218733,-
HNRNPA1P9,chr7,87520461,87521461,+
HINT1P2,chr7,95018397,95019397,-
ASB4,chr7,95477444,95478444,+
MYH16,chr7,99237829,99238829,+
ALKBH4,chr7,102464863,102465863,-
RASA4,chr7,102616756,102617756,-
FBXL13,chr7,103074839,103075839,-
LSM8,chr7,118183144,118184144,+
LRRC4,chr7,128032107,128033107,-
IMP3P2,chr7,128692450,128693450,+
TSGA13,chr7,130687432,130688432,-
TMEM213,chr7,138796952,138797952,+
RNA5SP247,chr7,140369441,140370441,+
TAS2R6P,chr7,141786815,141787815,+
OR9A4,chr7,141915399,141916399,+
OR2A2,chr7,144108583,144109583,+
NOBOX,chr7,144410227,144411227,-
ETF1P2,chr7,151500878,151501878,+
DEFA4,chr8,6938306,6939306,-
RNA5SP252,chr8,10685569,10686569,+
LINC00208,chr8,11575257,11576257,+
FDFT1,chr8,11794573,11795573,+
DEFB108E,chr8,12345776,12346776,-
RNU6-336P,chr8,22433391,22434391,+
NUGGC,chr8,28083936,28084936,-
ADRB3,chr8,37966599,37967599,-
RPL3P10,chr8,39158701,39159701,-
IKBKB,chr8,42270302,42271302,+
RPS27AP13,chr8,53887244,53888244,-
ARFGEF1-DT,chr8,67342975,67343975,+
RPS4XP10,chr8,94351923,94352923,+
GDF6,chr8,96160806,96161806,-
RNU6-1172P,chr8,96431160,96432160,-
RIDA,chr8,98117171,98118171,-
MRPS36P3,chr8,122090480,122091480,+
GSDMC,chr8,129786624,129787624,-
CYRIB,chr8,130017129,130018129,-
LYPD2,chr8,142752532,142753532,-
LYNX1,chr8,142777810,142778810,-
LY6E-DT,chr8,143018437,143019437,-
MIR6893,chr8,144435619,144436619,-
C8orf33,chr8,145051465,145052465,+
RNU6-1073P,chr9,1001963,1002963,-
MIR101-2,chr9,4849297,4850297,+
MTND5P14,chr9,5108496,5109496,+
MLANA,chr9,5889889,5890889,+
PSIP1P1,chr9,15054057,15055057,+
IFNA16,chr9,21217311,21218311,-
LINC01239,chr9,22645200,22646200,+
NDUFB6,chr9,32573184,32574184,-
UBE2R2,chr9,33816160,33817160,+
FAM205BP,chr9,34838586,34839586,-
RPL36AP33,chr9,35506564,35507564,+
MIR6853,chr9,35731922,35732922,+
POLR1E,chr9,37484948,37485948,+
FBXO10,chr9,37576380,37577380,-
CNN2P4,chr9,42973289,42974289,-
CBWD5,chr9,65667805,65668805,+
AQP7P3,chr9,65877766,65878766,+
FAM27E3,chr9,67719178,67720178,-
RPL35AP21,chr9,71588601,71589601,+
ALDH1A1,chr9,73080442,73081442,-
GAS1,chr9,86947506,86948506,-
LINC02893,chr9,87042419,87043419,-
MTCO3P29,chr9,92108013,92109013,+
EEF1DP2,chr9,92837668,92838668,-
BARX1,chr9,93955355,93956355,-
EPB41L4B,chr9,109321059,109322059,-
TNC,chr9,115118257,115119257,-
SCAI,chr9,125143528,125144528,-
MIR3911,chr9,127690795,127691795,-
AK1,chr9,127877675,127878675,-
ENDOG,chr9,128817500,128818500,+
GPRACR,chr9,130144219,130145219,-
PLPP7,chr9,131288459,131289459,+
SPACA9,chr9,132877027,132878027,+
MIR6877,chr9,133050996,133051996,+
LCN1,chr9,135520438,135521438,+
QSOX2,chr9,136245812,136246812,-
ENTPD2,chr9,137054061,137055061,-
NDOR1,chr9,137204685,137205685,+
NRBF2P5,chr10,5775071,5776071,+
USP6NL,chr10,11611666,11612666,-
RPP38-DT,chr10,15097319,15098319,-
UBE2V2P1,chr10,19050455,19051455,+
RNA5SP306,chr10,25813917,25814917,-
ABI1,chr10,26861087,26862087,-
MIR7162,chr10,30368665,30369665,-
PARD3,chr10,34815325,34816325,-
LINC02630,chr10,35898963,35899963,-
CUBNP3,chr10,45126318,45127318,+
AGAP13P,chr10,46815516,46816516,+
RPS6P14,chr10,48291699,48292699,+
ERCC6,chr10,49539538,49540538,-
CHAT,chr10,49608095,49609095,+
RPL35AP24,chr10,49908613,49909613,+
RNU7-107P,chr10,50590712,50591712,-
PRELID1P3,chr10,63426297,63427297,+
KRT19P4,chr10,68259557,68260557,+
TET1,chr10,68559337,68560337,+
KIFBP,chr10,68987803,68988803,+
SAR1A,chr10,70170523,70171523,-
MIR4676,chr10,72720029,72721029,+
BMS1P4,chr10,73730487,73731487,-
ZNF503-AS1,chr10,75242568,75243568,+
COX6CP15,chr10,77433782,77434782,-
DYDC1,chr10,80356755,80357755,-
HMGN2P8,chr10,84080429,84081429,+
PLCE1,chr10,93992931,93993931,+
DNTT,chr10,96303409,96304409,+
SUFU,chr10,102502972,102503972,+
CFAP58,chr10,104352833,104353833,+
MIR2110,chr10,114174179,114175179,-
GFRA1,chr10,116276803,116277803,-
MRPS21P6,chr10,125165677,125166677,+
LINC02870,chr10,132443327,132444327,+
LINC01165,chr10,132522449,132523449,-
CYP2E1,chr10,133519406,133520406,+
RN7SL838P,chr11,440693,441693,-
LMNTD2-AS1,chr11,556595,557595,+
TALDO1,chr11,746415,747415,+
SLC22A18AS,chr11,2903575,2904575,-
OR7E12P,chr11,3391752,3392752,-
ART1,chr11,3644128,3645128,+
STIM1,chr11,3853527,3854527,+
OR56B1,chr11,5735448,5736448,+
TIMM10B,chr11,6480501,6481501,+
LINC02709,chr11,9759533,9760533,-
ZBED5,chr11,10858796,10859796,-
RASSF10,chr11,13008316,13009316,+
HMGN2P36,chr11,13610771,13611771,-
COPB1,chr11,14500027,14501027,-
CCDC179,chr11,22860474,22861474,-
MUC15,chr11,26572263,26573263,-
LINC02755,chr11,29989328,29990328,-
DCDC1,chr11,31369810,31370810,-
PRR5L,chr11,36295288,36296288,+
FNBP4,chr11,47767443,47768443,-
OR4A47,chr11,48487793,48488793,+
OR4R3P,chr11,49922049,49923049,+
OR4A8,chr11,54681877,54682877,+
OR8J1,chr11,56353291,56354291,+
OR5AL2P,chr11,56392729,56393729,+
GLYATL1,chr11,58904398,58905398,+
FAM111B,chr11,59106185,59107185,+
OR5AN2P,chr11,59310576,59311576,-
FADS3,chr11,61892051,61893051,-
INTS5,chr11,62653302,62654302,-
HNRNPUL2-BSCL2,chr11,62727384,62728384,-
HNRNPUL2,chr11,62727457,62728457,-
STX5-DT,chr11,62831234,62832234,+
ARL2-SNX15,chr11,65013182,65014182,+
EHBP1L1,chr11,65575046,65576046,+
C11orf80,chr11,66743451,66744451,+
PC,chr11,66958386,66959386,-
RPS3AP41,chr11,71668520,71669520,+
LRRC51,chr11,72079337,72080337,+
MIR139,chr11,72615130,72616130,-
RN7SKP243,chr11,73832690,73833690,-
CYCSP27,chr11,74481250,74482250,+
TSKU,chr11,76781251,76782251,+
COX5BP4,chr11,83106961,83107961,-
TRIM64DP,chr11,89775981,89776981,+
CASP12,chr11,104898670,104899670,-
CASP5,chr11,105023168,105024168,-
SMARCE1P1,chr11,107404589,107405589,-
FXYD6,chr11,117877486,117878486,-
HYOU1,chr11,119057227,119058227,-
PDZD3,chr11,119184457,119185457,+
C1QTNF5,chr11,119340940,119341940,-
TBCEL-TECTA,chr11,121023125,121024125,+
RNU4ATAC5P,chr11,122450474,122451474,+
SNORD14C,chr11,123059422,123060422,-
OR8B5P,chr11,124358469,124359469,-
OR8A1,chr11,124565660,124566660,+
STT3A,chr11,125590712,125591712,+
RNU2-35P,chr11,125648746,125649746,+
ADAMTS15,chr11,130447645,130448645,+
CACNA1C-AS1,chr12,2691200,2692200,-
C12orf57,chr12,6941978,6942978,+
GDF3,chr12,7695775,7696775,-
A2ML1-AS2,chr12,8820713,8821713,-
KLRB1,chr12,9607916,9608916,-
LINC02470,chr12,9943495,9944495,-
TAS2R14,chr12,11171573,11172573,-
ETV6,chr12,11648674,11649674,+
MANSC1,chr12,12350242,12351242,-
REP15,chr12,27695447,27696447,+
DDX11-AS1,chr12,31073847,31074847,-
PKP2,chr12,32896777,32897777,-
RNA5SP360,chr12,41657676,41658676,+
TWF1,chr12,43806328,43807328,-
ZNF641,chr12,48351414,48352414,-
TEX49,chr12,48726435,48727435,+
LIMA1,chr12,50283520,50284520,-
FAM186A,chr12,50396622,50397622,-
ACVRL1,chr12,51905908,51906908,+
RNU6-333P,chr12,53138651,53139651,-
OR6U2P,chr12,55607043,55608043,+
MYL6B,chr12,56151256,56152256,+
RNU5A-7P,chr12,64228675,64229675,-
RASSF3,chr12,64506001,64507001,+
WIF1,chr12,65121305,65122305,-
MIR6074,chr12,66023726,66024726,-
LINC02823,chr12,91326045,91327045,+
CBX3P5,chr12,95286838,95287838,-
CCDC38,chr12,95942635,95943635,-
DEPDC4,chr12,100267079,100268079,-
GNPTAB,chr12,101830959,101831959,-
STAB2,chr12,103586273,103587273,+
RPL30P12,chr12,106909757,106910757,+
RNA5SP372,chr12,109058986,109059986,+
TRPV4,chr12,109833406,109834406,-
HSPA8P14,chr12,111380867,111381867,+
RPL6,chr12,112418838,112419838,-
CCDC60,chr12,119333712,119334712,+
RPLP0,chr12,120201235,120202235,-
MIR4700,chr12,120722193,120723193,+
SETD1B,chr12,121803009,121804009,+
DNAH10,chr12,123761188,123762188,+
DNAH10OS,chr12,123934984,123935984,-
EP400P1,chr12,132083275,132084275,+
RPSAP54,chr13,20960310,20961310,+
FNTAP2,chr13,21529690,21530690,+
RNY1P1,chr13,27402587,27403587,-
B3GLCT,chr13,31198975,31199975,+
NDE1P2,chr13,36805302,36806302,-
LINC02334,chr13,37933298,37934298,+
RN7SKP2,chr13,40407440,40408440,-
MTRF1,chr13,41263577,41264577,-
OR7E37P,chr13,41441770,41442770,+
FKBP1AP3,chr13,46504118,46505118,+
LPAR6,chr13,48444704,48445704,-
PHF11,chr13,49494610,49495610,+
RN7SL571P,chr13,76133931,76134931,+
POU4F1,chr13,78603552,78604552,-
MIR18A,chr13,91349751,91350751,+
SOX21,chr13,94712545,94713545,-
FARP1-AS1,chr13,98435840,98436840,-
LINC00554,chr13,99997909,99998909,-
TMTC4,chr13,100675093,100676093,-
TPP2,chr13,102595986,102596986,+
HCFC2P1,chr13,108479226,108480226,+
PSMB7P1,chr14,20148232,20149232,+
TRAJ56,chr14,22478521,22479521,+
BCL2L2-PABPN1,chr14,23305833,23306833,+
PCK2,chr14,24093053,24094053,+
CMA1,chr14,24508265,24509265,-
GZMH,chr14,24609699,24610699,-
YTHDF2P1,chr14,39214065,39215065,+
GNPNAT1,chr14,52791668,52792668,-
RN7SKP99,chr14,57837660,57838660,-
PSMA3,chr14,58243843,58244843,+
TOMM20L,chr14,58394928,58395928,+
PCNX4,chr14,60090911,60091911,+
EIF2S2P1,chr14,63733697,63734697,+
MIR4708,chr14,65335183,65336183,-
VTI1B,chr14,67674820,67675820,-
RNU2-51P,chr14,70359892,70360892,+
RN7SL586P,chr14,73040914,73041914,-
RBM25,chr14,73057532,73058532,+
VSX2,chr14,74238449,74239449,+
RAP1AP,chr14,74481985,74482985,+
VASH1-AS1,chr14,76786724,76787724,-
FOXN3,chr14,89619149,89620149,-
PSMC1,chr14,90255527,90256527,+
BEGAIN,chr14,100587417,100588417,-
MIR665,chr14,100874033,100875033,+
MIR376A2,chr14,101039069,101040069,+
CDC42BPB,chr14,103057549,103058549,-
MIR203B,chr14,104117503,104118503,-
CLBA1,chr14,104984775,104985775,+
NUDT14,chr14,105181323,105182323,-
IGHM,chr14,105856218,105857218,-
MIR4539,chr14,105857572,105858572,-
IGHD3-16,chr14,105895670,105896670,-
LINC00226,chr14,106286674,106287674,+
IGHVIII-76-1,chr14,106832052,106833052,-
POTEB3,chr15,21440499,21441499,-
SNORD115-18,chr15,25202227,25203227,+
SNORD115-19,chr15,25203357,25204357,+
SNORD115-48,chr15,25268783,25269783,+
GOLGA8J,chr15,30081955,30082955,+
GOLGA8R,chr15,30414260,30415260,-
RN7SL628P,chr15,30611724,30612724,+
RYR3-DT,chr15,33310659,33311659,-
CSNK1A1P1,chr15,36818459,36819459,-
BMF,chr15,40108892,40109892,-
EPB42,chr15,43221018,43222018,-
RNU6-354P,chr15,43734285,43735285,-
CTDSPL2,chr15,44426622,44427622,+
CTXN2-AS1,chr15,48191691,48192691,-
DUT-AS1,chr15,48331856,48332856,-
DTWD1,chr15,49620037,49621037,+
ZNF280D,chr15,56734086,56735086,-
SNORD13E,chr15,65696936,65697936,-
ISLR2,chr15,74099311,74100311,+
RNU6-415P,chr15,78898936,78899936,-
RNU6-796P,chr15,84939723,84940723,-
PDE8A,chr15,84979440,84980440,+
RNA5SP400,chr15,86138379,86139379,-
LINC00930,chr15,92574529,92575529,-
LINC02253,chr15,97214812,97215812,+
TM2D3,chr15,101652391,101653391,-
OR4F14P,chr15,101827741,101828741,+
HBM,chr16,152892,153892,+
RAB11FIP3,chr16,424649,425649,+
JMJD8,chr16,684528,685528,-
SSTR5,chr16,1071747,1072747,+
CEMP1,chr16,2531417,2532417,-
ZNF213,chr16,3128777,3129777,+
C16orf90,chr16,3495489,3496489,-
SRL,chr16,4242080,4243080,-
PAM16,chr16,4355607,4356607,-
DEXI,chr16,10942468,10943468,-
TMC7,chr16,18982934,18983934,+
USP31,chr16,23149452,23150452,-
COG7,chr16,23453189,23454189,-
KATNIP,chr16,27549133,27550133,+
SULT1A1,chr16,28623625,28624625,-
C16orf92,chr16,30022198,30023198,+
VKORC1,chr16,31095980,31096980,-
TGFB1I1,chr16,31470585,31471585,+
FRG2HP,chr16,35336889,35337889,-
RARRES2P9,chr16,35344559,35345559,-
DNAJA2-DT,chr16,46972989,46973989,+
HEATR3-AS1,chr16,50066224,50067224,-
ADCY7,chr16,50245137,50246137,+
TEPP,chr16,57975435,57976435,+
CES2,chr16,66933444,66934444,+
WWP2,chr16,69761328,69762328,+
WDR59,chr16,75000173,75001173,-
GCSH,chr16,81096395,81097395,-
HSBP1,chr16,83718311,83719311,+
MIR6774,chr16,85917347,85918347,+
LINC02181,chr16,87056784,87057784,+
C16orf95,chr16,87317420,87318420,-
RPL13,chr16,89559677,89560677,+
GLOD4,chr17,782294,783294,-
INCA1,chr17,4997610,4998610,-
SCIMP,chr17,5234860,5235860,-
SHBG,chr17,7612946,7613946,+
MYH10,chr17,8631376,8632376,-
STX8,chr17,9576591,9577591,-
RPL19P18,chr17,9590482,9591482,-
TVP23C,chr17,15563595,15564595,-
ZSWIM5P1,chr17,15771426,15772426,-
LGALS9C,chr17,18475737,18476737,+
YWHAEP3,chr17,20491443,20492443,-
KRT17P6,chr17,20517479,20518479,-
CPDP1,chr17,27678087,27679087,-
TIAF1,chr17,29078857,29079857,-
GIT1,chr17,29594054,29595054,-
LINC01989,chr17,34195937,34196937,-
CCL3L3,chr17,36196758,36197758,-
TBC1D3G,chr17,36322884,36323884,+
LHX1-DT,chr17,36936670,36937670,-
LHX1,chr17,36935785,36936785,+
PIP4K2B,chr17,38800126,38801126,-
KRT27,chr17,40782550,40783550,-
KRT33A,chr17,41350828,41351828,-
KRT41P,chr17,41411775,41412775,-
TUBG1,chr17,42608641,42609641,+
RNU6-406P,chr17,43444507,43445507,+
RNU6-453P,chr17,44306088,44307088,+
MIR6784,chr17,45114433,45115433,-
LRRC37A2,chr17,46510511,46511511,+
ARL17A,chr17,46579691,46580691,-
PRAC1,chr17,48722518,48723518,-
SPOP,chr17,49678163,49679163,-
MBTD1,chr17,51260163,51261163,-
APOH,chr17,66256525,66257525,-
LINC00674,chr17,68100874,68101874,+
AMZ2,chr17,68204481,68205481,+
SLC39A11,chr17,73092712,73093712,-
RN7SL573P,chr17,75040740,75041740,+
PRPSAP1,chr17,76384521,76385521,-
PRCD,chr17,76526586,76527586,+
ST6GALNAC2,chr17,76586956,76587956,-
RNU6-97P,chr17,76751912,76752912,+
MGAT5B,chr17,76867404,76868404,+
SEPTIN9,chr17,77279569,77280569,+
TMEM235,chr17,78230310,78231310,+
FOXK2,chr17,82518713,82519713,+
USP14,chr18,157383,158383,+
LPIN2,chr18,3013144,3014144,-
LINC01892,chr18,5080171,5081171,+
LINC01928,chr18,11453478,11454478,+
MC2R,chr18,13915707,13916707,-
ABHD3,chr18,21704780,21705780,-
MIR1-2,chr18,21829088,21830088,-
CTAGE1,chr18,22417915,22418915,-
RPS24P18,chr18,26097839,26098839,+
LINC01477,chr18,40065286,40066286,+
NPM1P1,chr18,41789395,41790395,-
EPG5,chr18,45967329,45968329,-
SKOR2,chr18,47251660,47252660,-
CCDC68,chr18,54959461,54960461,-
LINC01544,chr18,61747082,61748082,+
CBLN2,chr18,72638521,72639521,-
CNDP1,chr18,74533500,74534500,+
GALR1,chr18,77248848,77249848,+
SLC66A2,chr18,79951657,79952657,-
GPX4,chr19,1102994,1103994,+
TCF3,chr19,1652615,1653615,-
PLEKHJ1,chr19,2237704,2238704,-
SPPL2B,chr19,2327615,2328615,+
ELOCP28,chr19,2537112,2538112,+
MIR637,chr19,3961512,3962512,-
EEF2,chr19,3985463,3986463,-
PIAS4,chr19,4006736,4007736,+
ANKRD24,chr19,4181689,4182689,+
MIR7-3,chr19,4769670,4770670,+
FEM1A,chr19,4790734,4791734,+
SAFB,chr19,5622035,5623035,+
ACSBG2,chr19,6134247,6135247,+
ADGRE1,chr19,6886566,6887566,+
MBD3L2,chr19,7048321,7049321,+
ZNF426-DT,chr19,9537689,9538689,+
ZGLP1,chr19,10309880,10310880,-
KANK2,chr19,11197791,11198791,-
RN7SL833P,chr19,11516330,11517330,-
ZNF491,chr19,11796667,11797667,+
SYCE2,chr19,12919293,12920293,-
NACC1,chr19,13115862,13116862,+
ADGRE3,chr19,14690027,14691027,-
OR1I1,chr19,15081211,15082211,+
ZNF861P,chr19,15823796,15824796,-
JUND,chr19,18281622,18282622,-
HOMER3,chr19,18941261,18942261,-
HAPLN4,chr19,19262804,19263804,-
CILP2,chr19,19537248,19538248,+
VN1R84P,chr19,21720035,21721035,-
ZNF254,chr19,24032405,24033405,+
RN7SL340P,chr19,29233385,29234385,-
RN7SL789P,chr19,32655308,32656308,-
MIR6887,chr19,35121700,35122700,+
IFNL3P1,chr19,39237293,39238293,-
EID2,chr19,39540161,39541161,-
TTC9B,chr19,40218384,40219384,-
PSG10P,chr19,42855718,42856718,-
CD177P1,chr19,43379123,43380123,-
ZNF224,chr19,44093361,44094361,+
TRAPPC6A,chr19,45178237,45179237,-
SNRPD2,chr19,45692569,45693569,-
MEIS3,chr19,47419527,47420527,-
RNU6-317P,chr19,48793258,48794258,-
NTF6A,chr19,49026020,49027020,-
IZUMO2,chr19,50163281,50164281,-
KLK6,chr19,50969673,50970673,-
SIGLEC27P,chr19,51507573,51508573,+
KIR2DL3,chr19,54737513,54738513,+
ZSCAN5A-AS1,chr19,56313703,56314703,+
HNRNPDLP4,chr19,58049346,58050346,-
MIR4754,chr19,58386858,58387858,-
ANGPT4,chr20,916334,917334,-
PTPRA,chr20,2872420,2873420,+
DDRGK1,chr20,3204685,3205685,-
LINC01729,chr20,5510002,5511002,-
TARDBPP1,chr20,6202191,6203191,-
LINC01751,chr20,7307432,7308432,-
LINC01706,chr20,7346451,7347451,+
PARAL1,chr20,9985088,9986088,+
RN7SL14P,chr20,18258851,18259851,-
EEF1A1P34,chr20,18783690,18784690,-
CFAP61-AS1,chr20,20267809,20268809,-
RNU1-94P,chr20,31900254,31901254,+
CHMP4B,chr20,33810348,33811348,+
FDX1P1,chr20,34476474,34477474,-
RPL37P1,chr20,35587324,35588324,+
GHRH,chr20,37261819,37262819,-
DHX35-DT,chr20,38962111,38963111,-
RN7SL680P,chr20,39349392,39350392,-
ADI1P1,chr20,41330123,41331123,+
RPL12P11,chr20,41546422,41547422,+
PIGT,chr20,45415084,45416084,+
SLC2A10,chr20,46708649,46709649,+
RNU6-497P,chr20,47484381,47485381,-
KCNG1,chr20,51023107,51024107,-
PFDN4,chr20,54207087,54208087,+
RNU6-929P,chr20,56786087,56787087,-
ZBP1,chr20,57620576,57621576,-
LINC01711,chr20,58633772,58634772,+
RPS21,chr20,62386103,62387103,+
ARF4P2,chr20,62873076,62874076,-
ABHD16B,chr20,63860498,63861498,+
FAM243B,chr21,7770548,7771548,-
MIR3648-1,chr21,8207473,8208473,+
RNA5-8SN3,chr21,8394607,8395607,+
ANKRD30BP1,chr21,13427773,13428773,-
LINC01697,chr21,28047404,28048404,+
LINC01695,chr21,28228667,28229667,-
KRTAP13-2,chr21,30372271,30373271,-
SNORA80A,chr21,32377322,32378322,-
USF1P1,chr21,33333571,33334571,+
RPL23AP3,chr21,36016546,36017546,-
HLCS-IT1,chr21,36806284,36807284,-
PCP4,chr21,39866438,39867438,+
LINC00323,chr21,41148198,41149198,-
LINC00112,chr21,41714806,41715806,+
RPL31P1,chr21,43550229,43551229,+
KRTAP10-2,chr21,44551505,44552505,-
KRTAP10-10,chr21,44636356,44637356,+
MCM3AP,chr21,46286297,46287297,-
MTND1P17,chr22,16876421,16877421,-
CECR7,chr22,17035570,17036570,+
AIFM3,chr22,20964108,20965108,+
SOCS2P2,chr22,22171556,22172556,-
IGLV7-46,chr22,22368614,22369614,+
SELENOM,chr22,31120069,31121069,-
SLC5A4-AS1,chr22,32204115,32205115,+
RFPL3,chr22,32353885,32354885,+
EIF3L,chr22,37847868,37848868,+
TPTEP2-CSNK1E,chr22,38398522,38399522,-
TNRC6B,chr22,40043817,40044817,+
SGSM3-AS1,chr22,40388290,40389290,-
ARHGAP8,chr22,44751558,44752558,+
MIR3619,chr22,46090044,46091044,+
MIR3667,chr22,49543466,49544466,-
FTHL17,chrX,31072041,31073041,-
CHST7,chrX,46572765,46573765,+
RN7SL785P,chrX,47281063,47282063,-
WASF4P,chrX,47802296,47803296,+
EBP,chrX,48520799,48521799,+
VN1R110P,chrX,48635165,48636165,+
RNU6-29P,chrX,48777071,48778071,-
GAGE2E,chrX,49340192,49341192,+
FAM156B,chrX,52890306,52891306,+
APEX2,chrX,54999363,55000363,+
ALAS2,chrX,55030977,55031977,-
PRXL2CP1,chrX,65357547,65358547,-
HEPH,chrX,66161671,66162671,+
CXorf49B,chrX,71762349,71763349,+
XIST,chrX,73852723,73853723,-
SFR1P2,chrX,85850139,85851139,-
EEF1A1P29,chrX,86161359,86162359,-
RNU6-555P,chrX,90597340,90598340,-
CCNB1IP1P3,chrX,94777567,94778567,-
XKRX,chrX,100929433,100930433,-
YWHAQP8,chrX,101191409,101192409,-
ARMCX3-AS1,chrX,101624164,101625164,-
TCEAL3,chrX,103606451,103607451,+
RNF128,chrX,106692794,106693794,+
GAPDHP77,chrX,109340813,109341813,+
RNU6-496P,chrX,111421608,111422608,-
RN7SL266P,chrX,112854874,112855874,+
RNU7-37P,chrX,120503096,120504096,-
PA2G4P1,chrX,120869807,120870807,-
CT47B1,chrX,120875866,120876866,-
CT47A3,chrX,120976068,120977068,-
RNU6-122P,chrX,123873459,123874459,+
OR7L1P,chrX,131595121,131596121,+
USP26,chrX,133097109,133098109,-
LARP1BP3,chrX,134203353,134204353,+
CT45A5,chrX,135785298,135786298,-
MAP7D3,chrX,136256482,136257482,-
FGF13-AS1,chrX,138710452,138711452,+
CXorf66,chrX,139965521,139966521,-
MIR105-1,chrX,152392299,152393299,-
MAGEA3,chrX,152697767,152698767,+
MAGEA2B,chrX,152713586,152714586,+
PNMA6E,chrX,153401392,153402392,-
TEX28,chrX,154295853,154296853,-
HMGN1P37,chrX,154817401,154818401,-
LINC00280,chrY,6369921,6370921,-
SRIP3,chrY,6719180,6720180,-
RBMY3AP,chrY,9621276,9622276,-
TTTY21,chrY,9721296,9722296,-
RBMY1A1,chrY,21510372,21511372,+
HSFY7P,chrY,22536047,22537047,+
DAZ2,chrY,23218447,23219447,+
USP9YP11,chrY,23933953,23934953,+
RAB9AP5,chrY,23955569,23956569,+
